main.ClientMain,@DistributedTags.CLIENT+@DistributedTags.RMI
main.ServerInterface,@DistributedTags.SERVER_REMOTE_INTERFACE+@DistributedTags.RMI
main.ClientConfigurer,@DistributedTags.CLIENT_CONFIGURER+@DistributedTags.RMI
main.ClientInterface,@DistributedTags.CLIENT_REMOTE_INTERFACE+@DistributedTags.RMI
main.RegistryHalloween,@DistributedTags.REGISTRY+@DistributedTags.RMI
main.ClientObject,@DistributedTags.CLIENT_REMOTE_OBJECT+@DistributedTags.RMI
main.ClientOutCoupler,@DistributedTags.CLIENT_OUT_COUPLER+@DistributedTags.RMI
main.ServerMain,@DistributedTags.SERVER+@DistributedTags.RMI
main.ServerObject,@DistributedTags.SERVER_REMOTE_OBJECT+@DistributedTags.RMI
main.ServerConfigurer,@DistributedTags.SERVER_CONFIGURER+@DistributedTags.RMI
