<Events startTimestamp="1616622396664" logVersion="1.0.0.202101171653">
  <Command __id="30" _type="ConsoleOutput" date="Wed Mar 24 17:51:12 EDT 2021" overflow="false" starttimestamp="1616622396664" timestamp="276101" type="ConsoleOutput">
    <outputString><![CDATA[(Client_1)Headless program, not generating UI
(Client_1)Headless program, not generating UI
I***{Out Stream Runnable}(BasicRunningProject) 1616622672733: Received output from Client_1: I***@381581090300 {main}(AddedPropertyChangeListener) EvtSrc(AHalloweenCommandProcessor)  main.ClientObject@723ca036
I***{Output Sorter}(BasicRunningProject) 1616622672733: Accumulated received output
I***{Out Stream Runnable}(BasicRunningProject) 1616622672734: Received output from Client_1: Command processor scanner opened
I***{Output Sorter}(BasicRunningProject) 1616622672734: Accumulated received output
I***{Out Stream Runnable}(BasicRunningProject) 1616622672743: Received output from Client_1: Enter (prefixes of) print, quit or a method and its parameters separated by commas:
I***{Output Sorter}(BasicRunningProject) 1616622672743: Accumulated received output
]]></outputString>
    <diff><![CDATA[[Diff(INSERT,"(Client_1)Headless program, not generating UI¶(Client_1)Headless program, not generating UI¶"), Diff(EQUAL,"I***{Out Stream Runnable}(BasicRunningProject) 1616622672"), Diff(DELETE,"52"), Diff(INSERT,"73"), Diff(EQUAL,"3: Received output from Client_1: I***@381"), Diff(DELETE,"37182"), Diff(INSERT,"58109"), Diff(EQUAL,"0300 {main}("), Diff(DELETE,"RMIRegistryLocated) EvtSrc(ClientMain)  localhost:6000->RegistryImpl_Stub[UnicastRef [liveRef: [endpoint:[192.168.1.6:6000](remote),objID:[0:0:0, 0]]]]"), Diff(INSERT,"AddedPropertyChangeListener) EvtSrc(AHalloweenCommandProcessor)  main.ClientObject@723ca036"), Diff(EQUAL,"¶I***{Output Sorter}(BasicRunningProject) 1616622672"), Diff(DELETE,"52"), Diff(INSERT,"73"), Diff(EQUAL,"3: Accumulated received output¶I***{Out Stream Runnable}(BasicRunningProject) 1616622672"), Diff(DELETE,"567"), Diff(INSERT,"734"), Diff(EQUAL,": Received output from Client_1: "), Diff(DELETE,"I***@381415284800 {main}(RMIObjectLookedUp) EvtSrc(ClientMain)  Proxy[ServerInterface,RemoteObjectInvocationHandler[UnicastRef [liveRef: [endpoint:[192.168.1.6:5000](remote),objID:[-5c493785:17866385124:-7fff, 3355820466367766245]]]]]<->Client_1:RegistryImpl_Stub[UnicastRef [liveRef: [endpoint:[192.168.1.6:6000](remote),objID:[0:0:0, 0]]]]"), Diff(INSERT,"Command processor scanner opened¶I***{Output Sorter}(BasicRunningProject) 1616622672734: Accumulated received output¶I***{Out Stream Runnable}(BasicRunningProject) 1616622672743: Received output from Client_1: Enter (prefixes of) print, quit or a method and its parameters separated by commas:"), Diff(EQUAL,"¶I***{Output Sorter}(BasicRunningProject) 1616622672"), Diff(DELETE,"567"), Diff(INSERT,"743"), Diff(EQUAL,": Accumulated received output¶")]]]></diff>
  </Command>
  <Command __id="31" _type="ShellCommand" date="Wed Mar 24 17:51:15 EDT 2021" starttimestamp="1616622396664" timestamp="278369" type="ECLIPSE_GAINED_FOCUS" />
  <Command __id="32" _type="ConsoleOutput" date="Wed Mar 24 17:51:17 EDT 2021" overflow="false" starttimestamp="1616622396664" timestamp="280377" type="ConsoleOutput">
    <outputString><![CDATA[I***{AWT-EventQueue-0}(BasicProjectIntrospection) Looking for unique class matching name null tags [Client, RMI] name regex null tag regex null
I***{AWT-EventQueue-0}(BasicProjectIntrospection) Found type:class main.ClientMain
I***{AWT-EventQueue-0}(BasicProcessRunner) Running command:java -cp ".;..;C:\Users\wl778\eclipse-workspace\TestA4\bin;C:\Users\wl778\Downloads;C:\Users\wl778\Downloads\Comp533All (4).jar;;C:\Users\wl778\eclipse-workspace\TestA4\bin;C:\Users\wl778\Downloads;C:\Users\wl778\Downloads\Comp533All (4).jar" main.ClientMain localhost 5000 Client_0 true localhost 6000 7000
I***{AWT-EventQueue-0}(BasicProcessRunner) Running in project folder:.\bin
I***{AWT-EventQueue-0}(BasicProcessRunner) Running with Path: C:\Program Files (x86)\Common Files\Oracle\Java\javapath;C:\Windows\system32;C:\Windows;C:\Windows\System32\Wbem;C:\Windows\System32\WindowsPowerShell\v1.0\;C:\Windows\System32\OpenSSH\;C:\Program Files\Intel\WiFi\bin\;C:\Program Files\Common Files\Intel\WirelessCommon\;C:\Program Files (x86)\NVIDIA Corporation\PhysX\Common;C:\Program Files\NVIDIA Corporation\NVIDIA NvDLISR;C:\Program Files\Git\cmd;C:\Go\bin;C:\WINDOWS\system32;C:\WINDOWS;C:\WINDOWS\System32\Wbem;C:\WINDOWS\System32\WindowsPowerShell\v1.0\;C:\WINDOWS\System32\OpenSSH\;C:\Program Files\nodejs\;C:\Program Files\MongoDB\Server\4.4\bin;C:\Program Files\MongoDB\Tools\100\bin;C:\Program Files (x86)\Yarn\bin\;C:\Program Files\MATLAB\R2020b\bin;C:\Users\wl778\AppData\Local\Programs\Python\Python37\Scripts\;C:\Users\wl778\AppData\Local\Programs\Python\Python37\;C:\Users\wl778\AppData\Local\Microsoft\WindowsApps;C:\Users\wl778\AppData\Local\Programs\Microsoft VS Code\bin;C:\Users\wl778\go\bin;C:\Users\wl778\AppData\Roaming\npm;C:\Users\wl778\AppData\Local\Yarn\bin
I***{AWT-EventQueue-0}(BasicProcessRunner)  Process started: 7000 folder: C:\Users\wl778\eclipse-workspace\TestA4\.\bin entry point: null class path: C:\Users\wl778\eclipse-workspace\TestA4\bin;C:\Users\wl778\Downloads;C:\Users\wl778\Downloads\Comp533All (4).jar
I***{AWT-EventQueue-0}(BasicProcessRunner) Sleeping for 5000ms to wait for release of resources of terminated process:Client_0
]]></outputString>
    <diff><![CDATA[[Diff(DELETE,"(Client_1)Headless program, not generating UI¶(Client_1)Headless program, not generating UI¶I***{Out Stream Runnable}(BasicRunningProject) 1616622672733: Received output from Client_1: I***@381581090300 {main}(AddedPropertyChangeListener) EvtSrc(AHalloweenCommandProcessor)  main.ClientObject@723ca036¶I***{Output Sorter}(Basic"), Diff(INSERT,"I***{AWT-EventQueue-0}(BasicProjectIntrospection) Looking for unique class matching name null tags [Client, RMI] name regex null tag regex null¶I***{AWT-EventQueue-0}(BasicProjectIntrospection) Found type:class main.ClientMain¶I***{AWT-EventQueue-0}(BasicProcessRunner) Running command:java -cp ".;..;C:\Users\wl778\eclipse-workspace\TestA4\bin;C:\Users\wl778\Downloads;C:\Users\wl778\Downloads\Comp533All (4).jar;;C:\Users\wl778\eclipse-workspace\TestA4\bin;C:\Users\wl778\Downloads;C:\Users\wl778\Downloads\Comp533All (4).jar" main.ClientMain localhost 5000 Client_0 true localhost 6000 7000¶I***{AWT-EventQueue-0}(BasicProcessRunner) "), Diff(EQUAL,"Running"), Diff(DELETE,"P"), Diff(INSERT," in p"), Diff(EQUAL,"roject"), Diff(DELETE,") 1616622672733: Accumulated received output¶I***{Out Stream Runnable}(BasicRunningProject) 1616622672734: Received output from Client_1: Command processor scanner opened¶I***{Output Sorter}(BasicRunningProject) 1616622672734: Accumulated received output¶I***{Out Stream Runnable}(BasicRunningProject) 1616622672743: Received output from Client_1: Enter (prefixes of)"), Diff(INSERT," folder:.\bin¶I***{AWT-EventQueue-0}(BasicProcessRunner) Running with Path: C:\Program Files (x86)\Common Files\Oracle\Java\javapath;C:\Windows\system32;C:\Windows;C:\Windows\System32\Wbem;C:\Windows\System32\WindowsPowerShell\v1.0\;C:\Windows\System32\OpenSSH\;C:\Program Files\Intel\WiFi\bin\;C:\Program Files\Common Files\Intel\WirelessCommon\;C:\Program Files (x86)\NVIDIA Corporation\PhysX\Common;C:\Program Files\NVIDIA Corporation\NVIDIA NvDLISR;C:\Program Files\Git\cmd;C:\Go\bin;C:\WINDOWS\system32;C:\WINDOWS;C:\WINDOWS\System32\Wbem;C:\WINDOWS\System32\WindowsPowerShell\v1.0\;C:\WINDOWS\System32\OpenSSH\;C:\Program Files\nodejs\;C:\Program Files\MongoDB\Server\4.4\bin;C:\Program Files\MongoDB\Tools\100\bin;C:\Program Files (x86)\Yarn\bin\;C:\Program Files\MATLAB\R2020b\bin;C:\Users\wl778\AppData\Local\Programs\Python\Python37\Scripts\;C:\Users\wl778\AppData\Local\Programs\Python\Python37\;C:\Users\wl778\AppData\Local\Microsoft\WindowsApps;C:\Users\wl778\AppData\Local\Programs\Microsoft VS Code\bin;C:\Users\wl778\go\bin;C:\Users\wl778\AppData\Roaming\npm;C:\Users\wl778\AppData\Local\Yarn\bin¶I***{AWT-EventQueue-0}(BasicProcessRunner)  Process started: 7000 folder: C:\Users\wl778\eclipse-workspace\TestA4\.\bin entry"), Diff(EQUAL," p"), Diff(DELETE,"r"), Diff(INSERT,"o"), Diff(EQUAL,"int"), Diff(DELETE,", quit or a method and its parameters separated by commas:¶I***{Output Sorter}(BasicRunningProject) 1616622672743: Accumulated received output"), Diff(INSERT,": null class path: C:\Users\wl778\eclipse-workspace\TestA4\bin;C:\Users\wl778\Downloads;C:\Users\wl778\Downloads\Comp533All (4).jar¶I***{AWT-EventQueue-0}(BasicProcessRunner) Sleeping for 5000ms to wait for release of resources of terminated process:Client_0"), Diff(EQUAL,"¶")]]]></diff>
  </Command>
  <Command __id="33" _type="ConsoleOutput" date="Wed Mar 24 17:51:17 EDT 2021" overflow="false" starttimestamp="1616622396664" timestamp="280546" type="ConsoleOutput">
    <outputString><![CDATA[I***{Out Stream Runnable}(BasicRunningProject) 1616622677127: Received output from Client_0: I***Tracer: showInfo = true
I***{Output Sorter}(BasicRunningProject) 1616622677127: Accumulated received output
]]></outputString>
    <diff><![CDATA[[Diff(EQUAL,"I***{"), Diff(DELETE,"AWT-EventQueue-0}(BasicProjectIntrospection) Looking for unique class matching name null tags [Client, RMI] name regex null tag regex null¶I***{AWT-EventQueue-0}(BasicProjectIntrospection) Found type:class main.ClientMain¶I***{AWT-EventQueue-0}(BasicProcessRunner) Running command:java -cp ".;..;C:\Users\wl778\eclipse-workspace\TestA4\bin;C:\Users\wl778\Downloads;C:\Users\wl778\Downloads\Comp533All (4).jar;;C:\Users\wl778\eclipse-workspace\TestA4\bin;C:\Users\wl778\Downloads;C:\Users\wl778\Downloads\Comp533All (4).jar" main.ClientMain localhost 5000 Client_0 true localhost 6000 7000¶I***{AWT-EventQueue-0}(BasicProcessRunner) Running in project folder:.\bin¶I***{AWT-EventQueue-0}(BasicProcessRunner) Running with Path: C:\Program Files (x86)\Common Files\Oracle\Java\javapath;C:\Windows\system32;C:\Windows;C:\Windows\System32\Wbem;C:\Windows\System32\WindowsPowerShell\v1.0\;C:\Windows\System32\OpenSSH\;C:\Program Files\Intel\WiFi\bin\;C:\Program Files\Common Files\Intel\WirelessCommon\;C:\Program Files (x86)\NVIDIA Corporation\PhysX\Common;C:\Program Files\NVIDIA Corporation\NVIDIA NvDLISR;C:\Program Files\Git\cmd;C:\Go\bin;C:\WINDOWS\system32;C:\WINDOWS;C:\WINDOWS\System32\Wbem;C:\WINDOWS\System32\WindowsPowerShell\v1.0\;C:\WINDOWS\System32\OpenSSH\;C:\Program Files\nodejs\;C:\Program Files\MongoDB\Server\4.4\bin;C:\Program Files\MongoDB\Tools\100\bin;C:\Program Files (x86)\Yarn\bin\;C:\Program Files\MATLAB\R2020b\bin;C:\Users\wl778\AppData\Local\Programs\Python\Python37\Scripts\;C:\Users\wl778\AppData\Local\Programs\Python\Python37\;C:\Users\wl778\AppData\Local\Microsoft\WindowsApps;C:\Users\wl778\AppData\Local\Programs\Microsoft VS Code\bin;C:\Users\wl778\go\bin;C:\Users\wl778\AppData\Roaming\npm;C:\Users\wl778\AppData\Local\Yarn\bin¶I***{AWT-EventQueue-0}(BasicProcessRunner)  Process started: 7000 folder: C:\Users\wl778\eclipse-workspace\TestA4\.\bin entry point: null class path: C:\Users\wl778\eclipse-workspace\TestA4\bin;C:\Users\wl778\Downloads;C:\Users\wl778\Downloads\Comp533All (4).jar¶I***{AWT-EventQueue-0}(BasicProcessRunner) Sleeping for 5000ms to wait for release of resources of terminated process:Client_0"), Diff(INSERT,"Out Stream Runnable}(BasicRunningProject) 1616622677127: Received output from Client_0: I***Tracer: showInfo = true¶I***{Output Sorter}(BasicRunningProject) 1616622677127: Accumulated received output"), Diff(EQUAL,"¶")]]]></diff>
  </Command>
  <Command __id="34" _type="ConsoleOutput" date="Wed Mar 24 17:51:17 EDT 2021" overflow="false" starttimestamp="1616622396664" timestamp="281156" type="ConsoleOutput">
    <outputString><![CDATA[I***{Out Stream Runnable}(BasicRunningProject) 1616622677764: Received output from Client_0: I***@386612886100 {main}(RMIRegistryLocated) EvtSrc(ClientMain)  localhost:6000->RegistryImpl_Stub[UnicastRef [liveRef: [endpoint:[192.168.1.6:6000](remote),objID:[0:0:0, 0]]]]
I***{Output Sorter}(BasicRunningProject) 1616622677764: Accumulated received output
I***{Out Stream Runnable}(BasicRunningProject) 1616622677812: Received output from Client_0: I***@386660562700 {main}(RMIObjectLookedUp) EvtSrc(ClientMain)  Proxy[ServerInterface,RemoteObjectInvocationHandler[UnicastRef [liveRef: [endpoint:[192.168.1.6:5000](remote),objID:[-5c493785:17866385124:-7fff, 3355820466367766245]]]]]<->Client_0:RegistryImpl_Stub[UnicastRef [liveRef: [endpoint:[192.168.1.6:6000](remote),objID:[0:0:0, 0]]]]
I***{Output Sorter}(BasicRunningProject) 1616622677812: Accumulated received output
]]></outputString>
    <diff><![CDATA[[Diff(EQUAL,"I***{Out Stream Runnable}(BasicRunningProject) 1616622677"), Diff(DELETE,"127"), Diff(INSERT,"764"), Diff(EQUAL,": Received output from Client_0: I***"), Diff(DELETE,"Tracer: showInfo = true"), Diff(INSERT,"@386612886100 {main}(RMIRegistryLocated) EvtSrc(ClientMain)  localhost:6000->RegistryImpl_Stub[UnicastRef [liveRef: [endpoint:[192.168.1.6:6000](remote),objID:[0:0:0, 0]]]]¶I***{Output Sorter}(BasicRunningProject) 1616622677764: Accumulated received output¶I***{Out Stream Runnable}(BasicRunningProject) 1616622677812: Received output from Client_0: I***@386660562700 {main}(RMIObjectLookedUp) EvtSrc(ClientMain)  Proxy[ServerInterface,RemoteObjectInvocationHandler[UnicastRef [liveRef: [endpoint:[192.168.1.6:5000](remote),objID:[-5c493785:17866385124:-7fff, 3355820466367766245]]]]]<->Client_0:RegistryImpl_Stub[UnicastRef [liveRef: [endpoint:[192.168.1.6:6000](remote),objID:[0:0:0, 0]]]]"), Diff(EQUAL,"¶I***{Output Sorter}(BasicRunningProject) 1616622677"), Diff(INSERT,"8"), Diff(EQUAL,"12"), Diff(DELETE,"7"), Diff(EQUAL,": Accumulated received output¶")]]]></diff>
  </Command>
  <Command __id="35" _type="ConsoleOutput" date="Wed Mar 24 17:51:18 EDT 2021" overflow="false" starttimestamp="1616622396664" timestamp="281349" type="ConsoleOutput">
    <outputString><![CDATA[(Client_0)Headless program, not generating UI
(Client_0)Headless program, not generating UI
I***{Out Stream Runnable}(BasicRunningProject) 1616622677969: Received output from Client_0: I***@386816887900 {main}(AddedPropertyChangeListener) EvtSrc(AHalloweenCommandProcessor)  main.ClientObject@723ca036
I***{Output Sorter}(BasicRunningProject) 1616622677969: Accumulated received output
I***{Out Stream Runnable}(BasicRunningProject) 1616622677970: Received output from Client_0: Command processor scanner opened
I***{Output Sorter}(BasicRunningProject) 1616622677970: Accumulated received output
I***{Out Stream Runnable}(BasicRunningProject) 1616622677979: Received output from Client_0: Enter (prefixes of) print, quit or a method and its parameters separated by commas:
I***{Output Sorter}(BasicRunningProject) 1616622677979: Accumulated received output
]]></outputString>
    <diff><![CDATA[[Diff(INSERT,"(Client_0)Headless program, not generating UI¶(Client_0)Headless program, not generating UI¶"), Diff(EQUAL,"I***{Out Stream Runnable}(BasicRunningProject) 1616622677"), Diff(DELETE,"7"), Diff(DELETE,"64"), Diff(INSERT,"969"), Diff(EQUAL,": Received output from Client_0: I***@386"), Diff(DELETE,"6128861"), Diff(INSERT,"8168879"), Diff(EQUAL,"00 {main}("), Diff(DELETE,"RMIRegistryLocated) EvtSrc(ClientMain)  localhost:6000->RegistryImpl_Stub[UnicastRef [liveRef: [endpoint:[192.168.1.6:6000](remote),objID:[0:0:0, 0]]]]"), Diff(INSERT,"AddedPropertyChangeListener) EvtSrc(AHalloweenCommandProcessor)  main.ClientObject@723ca036"), Diff(EQUAL,"¶I***{Output Sorter}(BasicRunningProject) 1616622677"), Diff(DELETE,"764"), Diff(INSERT,"969"), Diff(EQUAL,": Accumulated received output¶I***{Out Stream Runnable}(BasicRunningProject) 1616622677"), Diff(DELETE,"812"), Diff(INSERT,"970"), Diff(EQUAL,": Received output from Client_0: "), Diff(DELETE,"I***@386660562700 {main}(RMIObjectLookedUp) EvtSrc(ClientMain)  Proxy[ServerInterface,RemoteObjectInvocationHandler[UnicastRef [liveRef: [endpoint:[192.168.1.6:5000](remote),objID:[-5c493785:17866385124:-7fff, 3355820466367766245]]]]]<->Client_0:RegistryImpl_Stub[UnicastRef [liveRef: [endpoint:[192.168.1.6:6000](remote),objID:[0:0:0, 0]]]]"), Diff(INSERT,"Command processor scanner opened¶I***{Output Sorter}(BasicRunningProject) 1616622677970: Accumulated received output¶I***{Out Stream Runnable}(BasicRunningProject) 1616622677979: Received output from Client_0: Enter (prefixes of) print, quit or a method and its parameters separated by commas:"), Diff(EQUAL,"¶I***{Output Sorter}(BasicRunningProject) 1616622677"), Diff(DELETE,"812"), Diff(INSERT,"979"), Diff(EQUAL,": Accumulated received output¶")]]]></diff>
  </Command>
  <Command __id="36" _type="ConsoleOutput" date="Wed Mar 24 17:51:21 EDT 2021" overflow="false" starttimestamp="1616622396664" timestamp="285334" type="ConsoleOutput">
    <outputString><![CDATA[I***{AWT-EventQueue-0}(TimedProcess) Finished providing input, waiting for termination with seconds timeout:45
]]></outputString>
    <diff><![CDATA[[Diff(DELETE,"(Client_0)Headless program, not generating UI¶(Client_0)Headless program, not generating UI¶I***{Out Stream Runnable}(BasicRunningProject) 1616622677969: Received output from Client_0: I***@386816887900 {main}(AddedPropertyChangeListener) EvtSrc(AHalloweenCommandProcessor)  main.ClientObject@723ca036¶I***{Output Sorter}(BasicRunningProject) 1616622677969: Accumulated received output¶I***{Out Stream Runnable}(BasicRunningProject) 1616622677970: Received output from Client_0: Command processor scanner opened¶I***{Output Sorter}(BasicRunningProject) 1616622677970: Accumulated received output¶I***{Out Stream Runnable}(BasicRunningProject) 1616622677979: Received output from Client_0: Enter (prefixes of) print, quit or a method and its parameters separated by commas:¶I***{Output Sorter}(BasicRunningProject) 1616622677979: Accumulated received output"), Diff(INSERT,"I***{AWT-EventQueue-0}(TimedProcess) Finished providing input, waiting for termination with seconds timeout:45"), Diff(EQUAL,"¶")]]]></diff>
  </Command>
  <Command __id="37" _type="DiffBasedFileOpenCommand" date="Wed Mar 24 17:51:25 EDT 2021" docASTNodeCount="379" docActiveCodeLength="2309" docExpressionCount="265" docLength="2309" projectName="TestA4" starttimestamp="1616622396664" timestamp="288474">
    <filePath><![CDATA[C:\Users\wl778\eclipse-workspace\TestA4\src\main\ClientMain.java]]></filePath>
    <diff><![CDATA[null]]></diff>
    <snapshot><![CDATA[package main;

import java.rmi.NotBoundException;
import java.rmi.RemoteException;
import java.rmi.registry.LocateRegistry;



import assignments.util.mainArgs.ClientArgsProcessor;
import util.annotations.Tags;
import util.tags.DistributedTags;
import util.trace.factories.FactoryTraceUtility;
import util.trace.misc.ThreadDelayed;
import util.trace.port.PortTraceUtility;
import util.trace.port.consensus.ConsensusTraceUtility;
import util.trace.port.nio.NIOTraceUtility;
import util.trace.port.rpc.rmi.RMIObjectLookedUp;
import util.trace.port.rpc.rmi.RMIRegistryLocated;
import util.trace.port.rpc.rmi.RMITraceUtility;
@Tags({DistributedTags.CLIENT, DistributedTags.RMI})

public class ClientMain implements ClientMainInterface{
	
	
	public static void main(final String[] args) {
		PortTraceUtility.setTracing();
		RMITraceUtility.setTracing();
		NIOTraceUtility.setTracing();
		FactoryTraceUtility.setTracing();		
		ConsensusTraceUtility.setTracing();
		ThreadDelayed.enablePrint();
		final ClientMain tracer = new ClientMain();
		try {
			final int registryPort = ClientArgsProcessor.getRegistryPort(args);
			final int serverPort = ClientArgsProcessor.getServerPort(args);
			final String registryHost = ClientArgsProcessor.getRegistryHost(args);
			final String clientName = ClientArgsProcessor.getClientName(args);
			final java.rmi.registry.Registry registry = LocateRegistry.getRegistry(registryPort);
			tracer.traceLocated(registryHost, registryPort, registry);
			final ServerInterface server = (ServerInterface) registry.lookup(ServerInterface.class.getName());
			tracer.traceLookUp(server, clientName, registry);
			final ClientInterface client = new ClientObject(server);
			
			client.init(args);
			client.start();
			
		} catch (RemoteException e) {
			e.printStackTrace();
		} catch (NotBoundException e) {
			e.printStackTrace();
		}
	}
	@Override
	public void traceLookUp(final ServerInterface server, final String serverName, final java.rmi.registry.Registry registry) {
		RMIObjectLookedUp.newCase(this, server, serverName, registry);
	}
	@Override
	public void traceLocated(final String aHost, final int aPort, final java.rmi.registry.Registry registry) {
		RMIRegistryLocated.newCase(this, aHost, aPort, registry);
	}
}
]]></snapshot>
  </Command>
  <Command __id="39" _type="EclipseCommand" commandID="" date="Wed Mar 24 17:51:26 EDT 2021" starttimestamp="1616622396664" timestamp="289827" />
  <Command __id="40" _type="EclipseCommand" commandID="" date="Wed Mar 24 17:51:26 EDT 2021" starttimestamp="1616622396664" timestamp="289832" />
  <Command __id="41" _type="MoveCaretCommand" caretOffset="512" date="Wed Mar 24 17:51:27 EDT 2021" docOffset="1100" starttimestamp="1616622396664" timestamp="290704" />
  <Command __id="43" _type="MoveCaretCommand" caretOffset="190" date="Wed Mar 24 17:51:28 EDT 2021" docOffset="787" starttimestamp="1616622396664" timestamp="292180" />
  <Command __id="44" _type="ShellCommand" date="Wed Mar 24 17:51:58 EDT 2021" starttimestamp="1616622396664" timestamp="322259" type="ECLIPSE_LOST_FOCUS" />
