#,Time,%Passes,Change,Test,Pass,Partial,Fail,Untested
0,Mon Mar 22 17:40:46 EDT 2021,0,0,S21Assignment4Suite, , ,A4AccessModifiersMatched+ A4ExpectedCalls+ A4ExpectedGetters+ A4ExpectedInterfaces+ A4ExpectedSetters+ A4ExpectedSignatures+ A4InterfaceAsType+ A4MnemonicNames+ A4NamedConstants+ A4NoCheckstyleWarnings+ A4PublicMethodsOverride+ A4SpuriousCalls+ A4TaggedClassesDefined+ RMIOneClientConnection+ RMIOneClientReadWriteNonAtomic+ RMIStaticArguments+ RMITwoClientConnection+ RMITwoClientReadWriteNonAtomic+ , ,
1,Mon Mar 22 17:40:57 EDT 2021,0,0,A4TaggedClassesDefined, , ,A4AccessModifiersMatched A4ExpectedCalls A4ExpectedGetters A4ExpectedInterfaces A4ExpectedSetters A4ExpectedSignatures A4InterfaceAsType A4MnemonicNames A4NamedConstants A4NoCheckstyleWarnings A4PublicMethodsOverride A4SpuriousCalls A4TaggedClassesDefined RMIOneClientConnection RMIOneClientReadWriteNonAtomic RMIStaticArguments RMITwoClientConnection RMITwoClientReadWriteNonAtomic , ,
2,Mon Mar 22 17:42:40 EDT 2021,0,0,A4TaggedClassesDefined, , ,A4AccessModifiersMatched A4ExpectedCalls A4ExpectedGetters A4ExpectedInterfaces A4ExpectedSetters A4ExpectedSignatures A4InterfaceAsType A4MnemonicNames A4NamedConstants A4NoCheckstyleWarnings A4PublicMethodsOverride A4SpuriousCalls A4TaggedClassesDefined RMIOneClientConnection RMIOneClientReadWriteNonAtomic RMIStaticArguments RMITwoClientConnection RMITwoClientReadWriteNonAtomic , ,
3,Mon Mar 22 17:44:11 EDT 2021,0,0,A4TaggedClassesDefined, ,A4TaggedClassesDefined+ ,A4AccessModifiersMatched A4ExpectedCalls A4ExpectedGetters A4ExpectedInterfaces A4ExpectedSetters A4ExpectedSignatures A4InterfaceAsType A4MnemonicNames A4NamedConstants A4NoCheckstyleWarnings A4PublicMethodsOverride A4SpuriousCalls RMIOneClientConnection RMIOneClientReadWriteNonAtomic RMIStaticArguments RMITwoClientConnection RMITwoClientReadWriteNonAtomic , ,
4,Mon Mar 22 17:46:49 EDT 2021,38,38,S21Assignment4Suite,A4ExpectedCalls+ A4ExpectedGetters+ A4ExpectedInterfaces+ A4ExpectedSetters+ A4ExpectedSignatures+ A4InterfaceAsType+ A4SpuriousCalls+ ,A4AccessModifiersMatched+ A4MnemonicNames+ A4NamedConstants+ A4PublicMethodsOverride+ A4TaggedClassesDefined ,A4NoCheckstyleWarnings RMIOneClientConnection RMIOneClientReadWriteNonAtomic RMIStaticArguments RMITwoClientConnection RMITwoClientReadWriteNonAtomic , ,
5,Tue Mar 23 10:58:37 EDT 2021,44,6,S21Assignment4Suite,A4ExpectedCalls A4ExpectedGetters A4ExpectedInterfaces A4ExpectedSetters A4ExpectedSignatures A4InterfaceAsType A4SpuriousCalls A4TaggedClassesDefined+ ,A4AccessModifiersMatched A4MnemonicNames A4NamedConstants A4PublicMethodsOverride ,A4NoCheckstyleWarnings RMIOneClientConnection RMIOneClientReadWriteNonAtomic RMIStaticArguments RMITwoClientConnection RMITwoClientReadWriteNonAtomic , ,
6,Tue Mar 23 11:28:01 EDT 2021,44,0,S21Assignment4Suite,A4ExpectedCalls A4ExpectedGetters A4ExpectedInterfaces A4ExpectedSetters A4ExpectedSignatures A4InterfaceAsType A4SpuriousCalls A4TaggedClassesDefined ,A4AccessModifiersMatched A4MnemonicNames A4NamedConstants A4PublicMethodsOverride ,A4NoCheckstyleWarnings RMIOneClientConnection RMIOneClientReadWriteNonAtomic RMIStaticArguments RMITwoClientConnection RMITwoClientReadWriteNonAtomic , ,
7,Tue Mar 23 11:54:17 EDT 2021,44,0,S21Assignment4Suite,A4ExpectedCalls A4ExpectedGetters A4ExpectedInterfaces A4ExpectedSetters A4ExpectedSignatures A4InterfaceAsType A4SpuriousCalls A4TaggedClassesDefined ,A4AccessModifiersMatched A4MnemonicNames A4NamedConstants A4PublicMethodsOverride ,A4NoCheckstyleWarnings RMIOneClientConnection RMIOneClientReadWriteNonAtomic RMIStaticArguments RMITwoClientConnection RMITwoClientReadWriteNonAtomic , ,
8,Tue Mar 23 11:56:19 EDT 2021,44,0,S21Assignment4Suite,A4ExpectedCalls A4ExpectedGetters A4ExpectedInterfaces A4ExpectedSetters A4ExpectedSignatures A4InterfaceAsType A4SpuriousCalls A4TaggedClassesDefined ,A4AccessModifiersMatched A4MnemonicNames A4NamedConstants A4PublicMethodsOverride ,A4NoCheckstyleWarnings RMIOneClientConnection RMIOneClientReadWriteNonAtomic RMIStaticArguments RMITwoClientConnection RMITwoClientReadWriteNonAtomic , ,
9,Tue Mar 23 13:11:06 EDT 2021,44,0,S21Assignment4Suite,A4ExpectedCalls A4ExpectedGetters A4ExpectedInterfaces A4ExpectedSetters A4ExpectedSignatures A4InterfaceAsType A4SpuriousCalls A4TaggedClassesDefined ,A4AccessModifiersMatched A4MnemonicNames A4NamedConstants A4PublicMethodsOverride ,A4NoCheckstyleWarnings RMIOneClientConnection RMIOneClientReadWriteNonAtomic RMIStaticArguments RMITwoClientConnection RMITwoClientReadWriteNonAtomic , ,
10,Tue Mar 23 13:29:58 EDT 2021,44,0,S21Assignment4Suite,A4ExpectedCalls A4ExpectedGetters A4ExpectedInterfaces A4ExpectedSetters A4ExpectedSignatures A4InterfaceAsType A4SpuriousCalls A4TaggedClassesDefined ,A4AccessModifiersMatched A4MnemonicNames A4NamedConstants A4PublicMethodsOverride ,A4NoCheckstyleWarnings RMIOneClientConnection RMIOneClientReadWriteNonAtomic RMIStaticArguments RMITwoClientConnection RMITwoClientReadWriteNonAtomic , ,
11,Tue Mar 23 14:26:14 EDT 2021,44,0,S21Assignment4Suite,A4ExpectedCalls A4ExpectedGetters A4ExpectedInterfaces A4ExpectedSetters A4ExpectedSignatures A4InterfaceAsType A4SpuriousCalls A4TaggedClassesDefined ,A4AccessModifiersMatched A4MnemonicNames A4NamedConstants A4PublicMethodsOverride ,A4NoCheckstyleWarnings RMIOneClientConnection RMIOneClientReadWriteNonAtomic RMIStaticArguments RMITwoClientConnection RMITwoClientReadWriteNonAtomic , ,
12,Tue Mar 23 14:45:48 EDT 2021,44,0,S21Assignment4Suite,A4ExpectedCalls A4ExpectedGetters A4ExpectedInterfaces A4ExpectedSetters A4ExpectedSignatures A4InterfaceAsType A4SpuriousCalls A4TaggedClassesDefined ,A4AccessModifiersMatched A4MnemonicNames A4NamedConstants A4PublicMethodsOverride ,A4NoCheckstyleWarnings RMIOneClientConnection RMIOneClientReadWriteNonAtomic RMIStaticArguments RMITwoClientConnection RMITwoClientReadWriteNonAtomic , ,
13,Tue Mar 23 15:11:46 EDT 2021,44,0,S21Assignment4Suite,A4ExpectedCalls A4ExpectedGetters A4ExpectedInterfaces A4ExpectedSetters A4ExpectedSignatures A4InterfaceAsType A4SpuriousCalls A4TaggedClassesDefined ,A4AccessModifiersMatched A4MnemonicNames A4NamedConstants A4PublicMethodsOverride ,A4NoCheckstyleWarnings RMIOneClientConnection RMIOneClientReadWriteNonAtomic RMIStaticArguments RMITwoClientConnection RMITwoClientReadWriteNonAtomic , ,
14,Tue Mar 23 15:22:08 EDT 2021,44,0,S21Assignment4Suite,A4ExpectedCalls A4ExpectedGetters A4ExpectedInterfaces A4ExpectedSetters A4ExpectedSignatures A4InterfaceAsType A4SpuriousCalls A4TaggedClassesDefined ,A4AccessModifiersMatched A4MnemonicNames A4NamedConstants A4PublicMethodsOverride RMIStaticArguments+ ,A4NoCheckstyleWarnings RMIOneClientConnection RMIOneClientReadWriteNonAtomic RMITwoClientConnection RMITwoClientReadWriteNonAtomic , ,
15,Tue Mar 23 18:34:18 EDT 2021,44,0,S21Assignment4Suite,A4ExpectedCalls A4ExpectedGetters A4ExpectedInterfaces A4ExpectedSetters A4ExpectedSignatures A4InterfaceAsType A4SpuriousCalls A4TaggedClassesDefined ,A4AccessModifiersMatched A4MnemonicNames A4NamedConstants A4PublicMethodsOverride RMIOneClientConnection+ RMIStaticArguments RMITwoClientConnection+ ,A4NoCheckstyleWarnings RMIOneClientReadWriteNonAtomic RMITwoClientReadWriteNonAtomic , ,
16,Tue Mar 23 18:41:36 EDT 2021,61,17,S21Assignment4Suite,A4ExpectedCalls A4ExpectedGetters A4ExpectedInterfaces A4ExpectedSetters A4ExpectedSignatures A4InterfaceAsType A4SpuriousCalls A4TaggedClassesDefined RMIOneClientConnection+ RMIOneClientReadWriteNonAtomic+ RMITwoClientConnection+ ,A4AccessModifiersMatched A4MnemonicNames A4NamedConstants A4PublicMethodsOverride RMIStaticArguments RMITwoClientReadWriteNonAtomic+ ,A4NoCheckstyleWarnings , ,
17,Tue Mar 23 18:56:56 EDT 2021,61,0,S21Assignment4Suite,A4ExpectedCalls A4ExpectedGetters A4ExpectedInterfaces A4ExpectedSetters A4ExpectedSignatures A4InterfaceAsType A4SpuriousCalls A4TaggedClassesDefined RMIOneClientConnection RMIOneClientReadWriteNonAtomic RMITwoClientConnection ,A4AccessModifiersMatched A4MnemonicNames A4NamedConstants A4PublicMethodsOverride RMIStaticArguments RMITwoClientReadWriteNonAtomic ,A4NoCheckstyleWarnings , ,
18,Tue Mar 23 19:05:43 EDT 2021,61,0,Assignment4TwoClientSuite,A4ExpectedCalls A4ExpectedGetters A4ExpectedInterfaces A4ExpectedSetters A4ExpectedSignatures A4InterfaceAsType A4SpuriousCalls A4TaggedClassesDefined RMIOneClientConnection RMIOneClientReadWriteNonAtomic RMITwoClientConnection ,A4AccessModifiersMatched A4MnemonicNames A4NamedConstants A4PublicMethodsOverride RMIStaticArguments RMITwoClientReadWriteNonAtomic ,A4NoCheckstyleWarnings , ,
19,Tue Mar 23 19:14:29 EDT 2021,61,0,Assignment4TwoClientSuite,A4ExpectedCalls A4ExpectedGetters A4ExpectedInterfaces A4ExpectedSetters A4ExpectedSignatures A4InterfaceAsType A4SpuriousCalls A4TaggedClassesDefined RMIOneClientConnection RMIOneClientReadWriteNonAtomic RMITwoClientConnection ,A4AccessModifiersMatched A4MnemonicNames A4NamedConstants A4PublicMethodsOverride RMIStaticArguments RMITwoClientReadWriteNonAtomic ,A4NoCheckstyleWarnings , ,
20,Tue Mar 23 19:25:31 EDT 2021,44,-17,S21Assignment4Suite,A4ExpectedCalls A4ExpectedGetters A4ExpectedInterfaces A4ExpectedSetters A4ExpectedSignatures A4InterfaceAsType A4SpuriousCalls A4TaggedClassesDefined ,A4AccessModifiersMatched A4MnemonicNames A4NamedConstants A4PublicMethodsOverride RMIOneClientConnection- RMIStaticArguments RMITwoClientConnection- ,A4NoCheckstyleWarnings RMIOneClientReadWriteNonAtomic- RMITwoClientReadWriteNonAtomic- , ,
21,Tue Mar 23 19:32:39 EDT 2021,61,17,S21Assignment4Suite,A4ExpectedCalls A4ExpectedGetters A4ExpectedInterfaces A4ExpectedSetters A4ExpectedSignatures A4InterfaceAsType A4SpuriousCalls A4TaggedClassesDefined RMIOneClientConnection+ RMIOneClientReadWriteNonAtomic+ RMITwoClientConnection+ ,A4AccessModifiersMatched A4MnemonicNames A4NamedConstants A4PublicMethodsOverride RMIStaticArguments RMITwoClientReadWriteNonAtomic+ ,A4NoCheckstyleWarnings , ,
22,Tue Mar 23 19:40:28 EDT 2021,61,0,S21Assignment4Suite,A4ExpectedCalls A4ExpectedGetters A4ExpectedInterfaces A4ExpectedSetters A4ExpectedSignatures A4InterfaceAsType A4SpuriousCalls A4TaggedClassesDefined RMIOneClientConnection RMIOneClientReadWriteNonAtomic RMITwoClientConnection ,A4AccessModifiersMatched A4MnemonicNames A4NamedConstants A4PublicMethodsOverride RMIStaticArguments RMITwoClientReadWriteNonAtomic ,A4NoCheckstyleWarnings , ,
23,Tue Mar 23 19:53:07 EDT 2021,55,-6,S21Assignment4Suite,A4ExpectedCalls A4ExpectedGetters A4ExpectedInterfaces A4ExpectedSetters A4ExpectedSignatures A4InterfaceAsType A4SpuriousCalls RMIOneClientConnection RMIOneClientReadWriteNonAtomic RMITwoClientConnection ,A4AccessModifiersMatched A4MnemonicNames A4NamedConstants A4PublicMethodsOverride A4TaggedClassesDefined- RMIStaticArguments RMITwoClientReadWriteNonAtomic ,A4NoCheckstyleWarnings , ,
24,Tue Mar 23 19:59:59 EDT 2021,61,6,S21Assignment4Suite,A4ExpectedCalls A4ExpectedGetters A4ExpectedInterfaces A4ExpectedSetters A4ExpectedSignatures A4InterfaceAsType A4SpuriousCalls A4TaggedClassesDefined+ RMIOneClientConnection RMIOneClientReadWriteNonAtomic RMITwoClientConnection ,A4AccessModifiersMatched A4MnemonicNames A4NamedConstants A4PublicMethodsOverride RMIStaticArguments RMITwoClientReadWriteNonAtomic ,A4NoCheckstyleWarnings , ,
25,Tue Mar 23 20:03:54 EDT 2021,61,0,RMITwoClientReadWriteNonAtomic,A4ExpectedCalls A4ExpectedGetters A4ExpectedInterfaces A4ExpectedSetters A4ExpectedSignatures A4InterfaceAsType A4SpuriousCalls A4TaggedClassesDefined RMIOneClientConnection RMIOneClientReadWriteNonAtomic RMITwoClientConnection ,A4AccessModifiersMatched A4MnemonicNames A4NamedConstants A4PublicMethodsOverride RMIStaticArguments RMITwoClientReadWriteNonAtomic ,A4NoCheckstyleWarnings , ,
26,Tue Mar 23 20:21:10 EDT 2021,61,0,RMITwoClientReadWriteNonAtomic,A4ExpectedCalls A4ExpectedGetters A4ExpectedInterfaces A4ExpectedSetters A4ExpectedSignatures A4InterfaceAsType A4SpuriousCalls A4TaggedClassesDefined RMIOneClientConnection RMIOneClientReadWriteNonAtomic RMITwoClientConnection ,A4AccessModifiersMatched A4MnemonicNames A4NamedConstants A4PublicMethodsOverride RMIStaticArguments RMITwoClientReadWriteNonAtomic ,A4NoCheckstyleWarnings , ,
27,Tue Mar 23 20:24:42 EDT 2021,61,0,RMITwoClientReadWriteNonAtomic,A4ExpectedCalls A4ExpectedGetters A4ExpectedInterfaces A4ExpectedSetters A4ExpectedSignatures A4InterfaceAsType A4SpuriousCalls A4TaggedClassesDefined RMIOneClientConnection RMIOneClientReadWriteNonAtomic RMITwoClientConnection ,A4AccessModifiersMatched A4MnemonicNames A4NamedConstants A4PublicMethodsOverride RMIStaticArguments RMITwoClientReadWriteNonAtomic ,A4NoCheckstyleWarnings , ,
28,Tue Mar 23 20:40:56 EDT 2021,61,0,RMITwoClientReadWriteNonAtomic,A4ExpectedCalls A4ExpectedGetters A4ExpectedInterfaces A4ExpectedSetters A4ExpectedSignatures A4InterfaceAsType A4SpuriousCalls A4TaggedClassesDefined RMIOneClientConnection RMIOneClientReadWriteNonAtomic RMITwoClientConnection ,A4AccessModifiersMatched A4MnemonicNames A4NamedConstants A4PublicMethodsOverride RMIStaticArguments RMITwoClientReadWriteNonAtomic ,A4NoCheckstyleWarnings , ,
29,Tue Mar 23 20:48:34 EDT 2021,61,0,S21Assignment4Suite,A4ExpectedCalls A4ExpectedGetters A4ExpectedInterfaces A4ExpectedSetters A4ExpectedSignatures A4InterfaceAsType A4SpuriousCalls A4TaggedClassesDefined RMIOneClientConnection RMIOneClientReadWriteNonAtomic RMITwoClientConnection ,A4AccessModifiersMatched A4MnemonicNames A4NamedConstants A4PublicMethodsOverride RMIStaticArguments RMITwoClientReadWriteNonAtomic ,A4NoCheckstyleWarnings , ,
30,Tue Mar 23 20:50:07 EDT 2021,61,0,RMIStaticArguments,A4ExpectedCalls A4ExpectedGetters A4ExpectedInterfaces A4ExpectedSetters A4ExpectedSignatures A4InterfaceAsType A4SpuriousCalls A4TaggedClassesDefined RMIOneClientConnection RMIOneClientReadWriteNonAtomic RMITwoClientConnection ,A4AccessModifiersMatched A4MnemonicNames A4NamedConstants A4PublicMethodsOverride RMIStaticArguments RMITwoClientReadWriteNonAtomic ,A4NoCheckstyleWarnings , ,
31,Wed Mar 24 12:47:58 EDT 2021,61,0,S21Assignment4Suite,A4ExpectedCalls A4ExpectedGetters A4ExpectedInterfaces A4ExpectedSetters A4ExpectedSignatures A4InterfaceAsType A4SpuriousCalls A4TaggedClassesDefined RMIOneClientConnection RMIOneClientReadWriteNonAtomic RMITwoClientConnection ,A4AccessModifiersMatched A4MnemonicNames A4NamedConstants A4PublicMethodsOverride RMIStaticArguments RMITwoClientReadWriteNonAtomic ,A4NoCheckstyleWarnings , ,
32,Wed Mar 24 12:55:17 EDT 2021,61,0,S21Assignment4Suite,A4ExpectedCalls A4ExpectedGetters A4ExpectedInterfaces A4ExpectedSetters A4ExpectedSignatures A4InterfaceAsType A4SpuriousCalls A4TaggedClassesDefined RMIOneClientConnection RMIOneClientReadWriteNonAtomic RMITwoClientConnection ,A4AccessModifiersMatched A4MnemonicNames A4NamedConstants A4PublicMethodsOverride RMIStaticArguments RMITwoClientReadWriteNonAtomic ,A4NoCheckstyleWarnings , ,
33,Wed Mar 24 13:23:02 EDT 2021,66,5,Assignment4OneClientSuite,A4ExpectedCalls A4ExpectedGetters A4ExpectedInterfaces A4ExpectedSetters A4ExpectedSignatures A4InterfaceAsType A4SpuriousCalls A4TaggedClassesDefined RMIOneClientConnection RMIOneClientReadWriteNonAtomic RMIStaticArguments+ RMITwoClientConnection ,A4AccessModifiersMatched A4MnemonicNames A4NamedConstants A4PublicMethodsOverride RMITwoClientReadWriteNonAtomic ,A4NoCheckstyleWarnings , ,
34,Wed Mar 24 13:25:19 EDT 2021,66,0,RMITwoClientReadWriteNonAtomic,A4ExpectedCalls A4ExpectedGetters A4ExpectedInterfaces A4ExpectedSetters A4ExpectedSignatures A4InterfaceAsType A4SpuriousCalls A4TaggedClassesDefined RMIOneClientConnection RMIOneClientReadWriteNonAtomic RMIStaticArguments RMITwoClientConnection ,A4AccessModifiersMatched A4MnemonicNames A4NamedConstants A4PublicMethodsOverride RMITwoClientReadWriteNonAtomic ,A4NoCheckstyleWarnings , ,
35,Wed Mar 24 13:42:34 EDT 2021,66,0,RMITwoClientReadWriteNonAtomic,A4ExpectedCalls A4ExpectedGetters A4ExpectedInterfaces A4ExpectedSetters A4ExpectedSignatures A4InterfaceAsType A4SpuriousCalls A4TaggedClassesDefined RMIOneClientConnection RMIOneClientReadWriteNonAtomic RMIStaticArguments RMITwoClientConnection ,A4AccessModifiersMatched A4MnemonicNames A4NamedConstants A4PublicMethodsOverride RMITwoClientReadWriteNonAtomic ,A4NoCheckstyleWarnings , ,
36,Wed Mar 24 14:16:54 EDT 2021,61,-5,S21Assignment4Suite,A4ExpectedCalls A4ExpectedGetters A4ExpectedInterfaces A4ExpectedSetters A4ExpectedSignatures A4SpuriousCalls A4TaggedClassesDefined RMIOneClientConnection RMIOneClientReadWriteNonAtomic RMIStaticArguments RMITwoClientConnection ,A4AccessModifiersMatched A4InterfaceAsType- A4MnemonicNames A4NamedConstants A4PublicMethodsOverride RMITwoClientReadWriteNonAtomic ,A4NoCheckstyleWarnings , ,
37,Wed Mar 24 14:27:10 EDT 2021,44,-17,S21Assignment4Suite,A4ExpectedCalls A4ExpectedGetters A4ExpectedInterfaces A4ExpectedSetters A4ExpectedSignatures A4SpuriousCalls A4TaggedClassesDefined RMIStaticArguments ,A4AccessModifiersMatched A4InterfaceAsType A4MnemonicNames A4NamedConstants A4PublicMethodsOverride RMIOneClientReadWriteNonAtomic- RMITwoClientReadWriteNonAtomic ,A4NoCheckstyleWarnings RMIOneClientConnection- RMITwoClientConnection- , ,
38,Wed Mar 24 14:48:11 EDT 2021,44,0,S21Assignment4Suite,A4ExpectedCalls A4ExpectedGetters A4ExpectedInterfaces A4ExpectedSetters A4ExpectedSignatures A4SpuriousCalls A4TaggedClassesDefined RMIStaticArguments ,A4AccessModifiersMatched A4InterfaceAsType A4MnemonicNames A4NamedConstants A4PublicMethodsOverride ,A4NoCheckstyleWarnings RMIOneClientConnection RMIOneClientReadWriteNonAtomic- RMITwoClientConnection RMITwoClientReadWriteNonAtomic- , ,
39,Wed Mar 24 14:50:22 EDT 2021,44,0,S21Assignment4Suite,A4ExpectedCalls A4ExpectedGetters A4ExpectedInterfaces A4ExpectedSetters A4ExpectedSignatures A4SpuriousCalls A4TaggedClassesDefined RMIStaticArguments ,A4AccessModifiersMatched A4InterfaceAsType A4MnemonicNames A4NamedConstants A4PublicMethodsOverride ,A4NoCheckstyleWarnings RMIOneClientConnection RMIOneClientReadWriteNonAtomic RMITwoClientConnection RMITwoClientReadWriteNonAtomic , ,
40,Wed Mar 24 14:54:06 EDT 2021,44,0,S21Assignment4Suite,A4ExpectedCalls A4ExpectedGetters A4ExpectedInterfaces A4ExpectedSetters A4ExpectedSignatures A4SpuriousCalls A4TaggedClassesDefined RMIStaticArguments ,A4AccessModifiersMatched A4InterfaceAsType A4MnemonicNames A4NamedConstants A4PublicMethodsOverride ,A4NoCheckstyleWarnings RMIOneClientConnection RMIOneClientReadWriteNonAtomic RMITwoClientConnection RMITwoClientReadWriteNonAtomic , ,
41,Wed Mar 24 15:04:06 EDT 2021,61,17,S21Assignment4Suite,A4ExpectedCalls A4ExpectedGetters A4ExpectedInterfaces A4ExpectedSetters A4ExpectedSignatures A4SpuriousCalls A4TaggedClassesDefined RMIOneClientConnection+ RMIOneClientReadWriteNonAtomic+ RMIStaticArguments RMITwoClientConnection+ ,A4AccessModifiersMatched A4InterfaceAsType A4MnemonicNames A4NamedConstants A4PublicMethodsOverride RMITwoClientReadWriteNonAtomic+ ,A4NoCheckstyleWarnings , ,
42,Wed Mar 24 15:17:40 EDT 2021,61,0,S21Assignment4Suite,A4ExpectedCalls A4ExpectedGetters A4ExpectedInterfaces A4ExpectedSetters A4ExpectedSignatures A4SpuriousCalls A4TaggedClassesDefined RMIOneClientConnection RMIOneClientReadWriteNonAtomic RMIStaticArguments RMITwoClientConnection ,A4AccessModifiersMatched A4InterfaceAsType A4MnemonicNames A4NamedConstants A4PublicMethodsOverride RMITwoClientReadWriteNonAtomic ,A4NoCheckstyleWarnings , ,
43,Wed Mar 24 15:34:52 EDT 2021,61,0,RMITwoClientReadWriteNonAtomic,A4ExpectedCalls A4ExpectedGetters A4ExpectedInterfaces A4ExpectedSetters A4ExpectedSignatures A4SpuriousCalls A4TaggedClassesDefined RMIOneClientConnection RMIOneClientReadWriteNonAtomic RMIStaticArguments RMITwoClientConnection ,A4AccessModifiersMatched A4InterfaceAsType A4MnemonicNames A4NamedConstants A4PublicMethodsOverride RMITwoClientReadWriteNonAtomic ,A4NoCheckstyleWarnings , ,
44,Wed Mar 24 15:38:13 EDT 2021,61,0,RMITwoClientReadWriteNonAtomic,A4ExpectedCalls A4ExpectedGetters A4ExpectedInterfaces A4ExpectedSetters A4ExpectedSignatures A4SpuriousCalls A4TaggedClassesDefined RMIOneClientConnection RMIOneClientReadWriteNonAtomic RMIStaticArguments RMITwoClientConnection ,A4AccessModifiersMatched A4InterfaceAsType A4MnemonicNames A4NamedConstants A4PublicMethodsOverride RMITwoClientReadWriteNonAtomic ,A4NoCheckstyleWarnings , ,
45,Wed Mar 24 15:46:42 EDT 2021,61,0,RMITwoClientReadWriteNonAtomic,A4ExpectedCalls A4ExpectedGetters A4ExpectedInterfaces A4ExpectedSetters A4ExpectedSignatures A4SpuriousCalls A4TaggedClassesDefined RMIOneClientConnection RMIOneClientReadWriteNonAtomic RMIStaticArguments RMITwoClientConnection ,A4AccessModifiersMatched A4InterfaceAsType A4MnemonicNames A4NamedConstants A4PublicMethodsOverride RMITwoClientReadWriteNonAtomic ,A4NoCheckstyleWarnings , ,
46,Wed Mar 24 15:56:15 EDT 2021,61,0,Assignment4TwoClientSuite,A4ExpectedCalls A4ExpectedGetters A4ExpectedInterfaces A4ExpectedSetters A4ExpectedSignatures A4SpuriousCalls A4TaggedClassesDefined RMIOneClientConnection RMIOneClientReadWriteNonAtomic RMIStaticArguments RMITwoClientConnection ,A4AccessModifiersMatched A4InterfaceAsType A4MnemonicNames A4NamedConstants A4PublicMethodsOverride RMITwoClientReadWriteNonAtomic ,A4NoCheckstyleWarnings , ,
47,Wed Mar 24 16:01:09 EDT 2021,61,0,RMITwoClientReadWriteNonAtomic,A4ExpectedCalls A4ExpectedGetters A4ExpectedInterfaces A4ExpectedSetters A4ExpectedSignatures A4SpuriousCalls A4TaggedClassesDefined RMIOneClientConnection RMIOneClientReadWriteNonAtomic RMIStaticArguments RMITwoClientConnection ,A4AccessModifiersMatched A4InterfaceAsType A4MnemonicNames A4NamedConstants A4PublicMethodsOverride RMITwoClientReadWriteNonAtomic ,A4NoCheckstyleWarnings , ,
48,Wed Mar 24 16:08:59 EDT 2021,61,0,S21Assignment4Suite,A4ExpectedCalls A4ExpectedGetters A4ExpectedInterfaces A4ExpectedSetters A4ExpectedSignatures A4SpuriousCalls A4TaggedClassesDefined RMIOneClientConnection RMIOneClientReadWriteNonAtomic RMIStaticArguments RMITwoClientConnection ,A4AccessModifiersMatched A4InterfaceAsType A4MnemonicNames A4NamedConstants A4PublicMethodsOverride RMITwoClientReadWriteNonAtomic ,A4NoCheckstyleWarnings , ,
49,Wed Mar 24 16:15:11 EDT 2021,61,0,RMITwoClientReadWriteNonAtomic,A4ExpectedCalls A4ExpectedGetters A4ExpectedInterfaces A4ExpectedSetters A4ExpectedSignatures A4SpuriousCalls A4TaggedClassesDefined RMIOneClientConnection RMIOneClientReadWriteNonAtomic RMIStaticArguments RMITwoClientConnection ,A4AccessModifiersMatched A4InterfaceAsType A4MnemonicNames A4NamedConstants A4PublicMethodsOverride RMITwoClientReadWriteNonAtomic ,A4NoCheckstyleWarnings , ,
50,Wed Mar 24 16:19:13 EDT 2021,61,0,RMITwoClientReadWriteNonAtomic,A4ExpectedCalls A4ExpectedGetters A4ExpectedInterfaces A4ExpectedSetters A4ExpectedSignatures A4SpuriousCalls A4TaggedClassesDefined RMIOneClientConnection RMIOneClientReadWriteNonAtomic RMIStaticArguments RMITwoClientConnection ,A4AccessModifiersMatched A4InterfaceAsType A4MnemonicNames A4NamedConstants A4PublicMethodsOverride RMITwoClientReadWriteNonAtomic ,A4NoCheckstyleWarnings , ,
51,Wed Mar 24 16:29:04 EDT 2021,61,0,RMITwoClientReadWriteNonAtomic,A4ExpectedCalls A4ExpectedGetters A4ExpectedInterfaces A4ExpectedSetters A4ExpectedSignatures A4SpuriousCalls A4TaggedClassesDefined RMIOneClientConnection RMIOneClientReadWriteNonAtomic RMIStaticArguments RMITwoClientConnection ,A4AccessModifiersMatched A4InterfaceAsType A4MnemonicNames A4NamedConstants A4PublicMethodsOverride RMITwoClientReadWriteNonAtomic ,A4NoCheckstyleWarnings , ,
52,Wed Mar 24 17:32:50 EDT 2021,38,-23,S21Assignment4Suite,A4ExpectedCalls A4ExpectedGetters A4ExpectedInterfaces A4ExpectedSetters A4ExpectedSignatures A4SpuriousCalls A4TaggedClassesDefined ,A4AccessModifiersMatched A4InterfaceAsType A4MnemonicNames A4NamedConstants A4PublicMethodsOverride ,A4NoCheckstyleWarnings RMIOneClientConnection- RMIOneClientReadWriteNonAtomic- RMIStaticArguments- RMITwoClientConnection- RMITwoClientReadWriteNonAtomic- , ,
53,Wed Mar 24 17:40:35 EDT 2021,38,0,S21Assignment4Suite,A4ExpectedCalls A4ExpectedGetters A4ExpectedInterfaces A4ExpectedSetters A4ExpectedSignatures A4SpuriousCalls A4TaggedClassesDefined ,A4AccessModifiersMatched A4InterfaceAsType A4MnemonicNames A4NamedConstants A4PublicMethodsOverride ,A4NoCheckstyleWarnings RMIOneClientConnection RMIOneClientReadWriteNonAtomic RMIStaticArguments RMITwoClientConnection RMITwoClientReadWriteNonAtomic , ,
