	<module name="ClassDefined">
		<property name="severity" value="info"/>
		<property name="expectedTypes" value="
			@@DistributedTags.CLIENT+@DistributedTags.RMI+@DistributedTags.CLIENT+@DistributedTags.RMI,
			@@DistributedTags.CLIENT_CONFIGURER+@DistributedTags.RMI+@DistributedTags.CLIENT_CONFIGURER+@DistributedTags.RMI,
			@@DistributedTags.SERVER_CONFIGURER+@DistributedTags.RMI+@DistributedTags.SERVER_CONFIGURER+@DistributedTags.RMI,
			@@DistributedTags.CLIENT_OUT_COUPLER+@DistributedTags.RMI+@DistributedTags.CLIENT_OUT_COUPLER+@DistributedTags.RMI,
			@@DistributedTags.CLIENT_REMOTE_INTERFACE+@DistributedTags.RMI+@DistributedTags.CLIENT_REMOTE_INTERFACE+@DistributedTags.RMI,
			@@DistributedTags.SERVER_REMOTE_INTERFACE+@DistributedTags.RMI+@DistributedTags.SERVER_REMOTE_INTERFACE+@DistributedTags.RMI,
			@@DistributedTags.SERVER_REMOTE_OBJECT+@DistributedTags.RMI+@DistributedTags.SERVER_REMOTE_OBJECT+@DistributedTags.RMI,
			@@DistributedTags.CLIENT_REMOTE_OBJECT+@DistributedTags.RMI+@DistributedTags.CLIENT_REMOTE_OBJECT+@DistributedTags.RMI,
			@@DistributedTags.REGISTRY+@DistributedTags.RMI+@DistributedTags.REGISTRY+@DistributedTags.RMI,
			@@DistributedTags.SERVER+@DistributedTags.RMI+@DistributedTags.SERVER+@DistributedTags.RMI,
		"/>
	</module>
	<module name="ExpectedInterfaces">
		<property name="severity" value="warning"/>
		<property name="includeTypeTags" value="@@DistributedTags.CLIENT_REMOTE_OBJECT+@DistributedTags.RMI+@DistributedTags.CLIENT_REMOTE_OBJECT+@DistributedTags.RMI"/>
		<property name="expectedInterfaces" value="
			java.rmi.Remote,
			java.beans.PropertyChangeListener,
			java.util.EventListener,
			java.io.Serializable,
		"/>
	</module>
	<module name="ExpectedInterfaces">
		<property name="severity" value="info"/>
		<property name="includeTypeTags" value="@@DistributedTags.CLIENT_REMOTE_OBJECT+@DistributedTags.RMI+@DistributedTags.CLIENT_REMOTE_OBJECT+@DistributedTags.RMI"/>
		<property name="expectedInterfaces" value="
			java.rmi.Remote,
			java.beans.PropertyChangeListener,
			java.util.EventListener,
			java.io.Serializable,
		"/>
	</module>
	<module name="ExpectedSuperTypes">
		<property name="severity" value="warning"/>
		<property name="includeTypeTags" value="@@DistributedTags.CLIENT_REMOTE_OBJECT+@DistributedTags.RMI+@DistributedTags.CLIENT_REMOTE_OBJECT+@DistributedTags.RMI"/>
		<property name="expectedSuperTypes" value="
			assignments.util.inputParameters.AnAbstractSimulationParametersBean,
		"/>
	</module>
	<module name="ExpectedSuperTypes">
		<property name="severity" value="info"/>
		<property name="includeTypeTags" value="@@DistributedTags.CLIENT_REMOTE_OBJECT+@DistributedTags.RMI+@DistributedTags.CLIENT_REMOTE_OBJECT+@DistributedTags.RMI"/>
		<property name="expectedSuperTypes" value="
			assignments.util.inputParameters.AnAbstractSimulationParametersBean,
		"/>
	</module>
	<module name="ExpectedSignatures">
		<property name="severity" value="warning"/>
		<property name="includeTypeTags" value="@@DistributedTags.CLIENT_REMOTE_OBJECT+@DistributedTags.RMI+@DistributedTags.CLIENT_REMOTE_OBJECT+@DistributedTags.RMI"/>
		<property name="expectedSignatures" value="
			newCommand:String->void,
			delaySends:int->void,
			quit:int->void,
			start:->void,
			simulationCommand:String->void,
			trace:boolean->void,
			propertyChange:java.beans.PropertyChangeEvent->void,
			experimentInput:->void,
			processArgs:String[]->void,
			localProcessingOnly:boolean->void,
			atomicBroadcast:boolean->void,
			init:String[]->void,
		"/>
	</module>
	<module name="ExpectedSignatures">
		<property name="severity" value="info"/>
		<property name="includeTypeTags" value="@@DistributedTags.CLIENT_REMOTE_OBJECT+@DistributedTags.RMI+@DistributedTags.CLIENT_REMOTE_OBJECT+@DistributedTags.RMI"/>
		<property name="expectedSignatures" value="
			newCommand:String->void,
			delaySends:int->void,
			quit:int->void,
			start:->void,
			simulationCommand:String->void,
			trace:boolean->void,
			propertyChange:java.beans.PropertyChangeEvent->void,
			experimentInput:->void,
			processArgs:String[]->void,
			localProcessingOnly:boolean->void,
			atomicBroadcast:boolean->void,
			init:String[]->void,
		"/>
	</module>
	<module name="MissingMethodCall">
		<property name="severity" value="warning"/>
		<property name="includeTypeTags" value="@@DistributedTags.CLIENT_REMOTE_OBJECT+@DistributedTags.RMI+@DistributedTags.CLIENT_REMOTE_OBJECT+@DistributedTags.RMI"/>
		<property name="expectedCalls" value="
			bus.uigen.uiFrame!setSize:*->.*,
			bus.uigen.OEFrame!setLocation:*->.*,
			util.interactiveMethodInvocation.SimulationParametersControllerFactory!getSingleton:->SimulationParametersController,
			@@DistributedTags.SERVER_REMOTE_INTERFACE+@DistributedTags.RMI+@DistributedTags.SERVER_REMOTE_INTERFACE+@DistributedTags.RMI!addClient:@@DistributedTags.CLIENT_REMOTE_INTERFACE+@DistributedTags.RMI+@DistributedTags.CLIENT_REMOTE_INTERFACE+@DistributedTags.RMI->void,
			util.trace.port.consensus.ProposalMade!newCase:Object;String;float;Object->ProposalMade,
			java.lang.System!currentTimeMillis:->long,
			util.trace.TraceableWarning!doNotWarn:Class->void,
			util.trace.port.consensus.ConsensusTraceUtility!setTracing:->void,
			util.trace.port.PerformanceExperimentEnded!newCase:Object;long;long;long;int->PerformanceExperimentEnded,
			assignments.util.inputParameters.AnAbstractSimulationParametersBean!isAtomicBroadcast:->Boolean,
			util.misc.ThreadSupport!sleep:long->void,
			bus.uigen.uiFrame!setTitle:*->.*,
			bus.uigen.ObjectEditor!edit:Object->CompleteOEFrame,
			assignments.util.mainArgs.ClientArgsProcessor!getHeadless:String[]->String,
			java.io.PrintStream!println:*->.*,
			java.beans.PropertyChangeEvent!getNewValue:->Object,
			bus.uigen.uiFrame!setLocation:*->.*,
			bus.uigen.OEFrame!setTitle:*->.*,
			util.trace.port.consensus.ProposalLearnedNotificationReceived!newCase:Object;String;float;Object->ProposalLearnedNotificationReceived,
			util.trace.Tracer!setKeywordPrintStatus:*->.*,
			util.trace.Tracer!setImplicitPrintKeywordKind:util.trace.ImplicitKeywordKind->void,
			bus.uigen.ADummyCompleteOEFrame!setTitle:*->.*,
			assignments.util.inputParameters.AnAbstractSimulationParametersBean!isTrace:->boolean,
			util.trace.port.consensus.ProposedStateSet!newCase:Object;String;float;Object->ProposedStateSet,
			util.trace.bean.BeanTraceUtility!setTracing:->void,
			util.trace.port.PerformanceExperimentStarted!newCase:Object;long;int->PerformanceExperimentStarted,
			util.trace.Tracer!setDisplayThreadName:boolean->void,
			util.trace.misc.ThreadDelayed!enablePrint:->void,
			bus.uigen.ADummyCompleteOEFrame!setLocation:*->.*,
			bus.uigen.OEFrame!hideMainPanel:*->.*,
			util.trace.Tracer!showInfo:boolean->void,
			java.lang.System!exit:int->void,
			util.interactiveMethodInvocation.SimulationParametersControllerFactory!processCommands:*->.*,
			util.trace.port.nio.NIOTraceUtility!setTracing:->void,
			util.trace.port.rpc.rmi.RMITraceUtility!setTracing:->void,
			util.interactiveMethodInvocation.SimulationParametersControllerFactory!addSimulationParameterListener:*->.*,
			util.trace.port.consensus.RemoteProposeRequestSent!newCase:Object;String;float;Object->RemoteProposeRequestSent,
			assignments.util.inputParameters.AnAbstractSimulationParametersBean!isLocalProcessingOnly:->boolean,
			util.trace.factories.FactoryTraceUtility!setTracing:->void,
			assignments.util.inputParameters.AnAbstractSimulationParametersBean!getDelay:->int,
			java.lang.System!setProperty:String;String->String,
			bus.uigen.ADummyCompleteOEFrame!hideMainPanel:*->.*,
			util.trace.port.PortTraceUtility!setTracing:->void,
			bus.uigen.ADummyCompleteOEFrame!setSize:*->.*,
			bus.uigen.OEFrame!setSize:*->.*,
			util.trace.TraceableInfo!setPrintTraceable:boolean->void,
			util.trace.TraceableInfo!setPrintSource:boolean->void,
			bus.uigen.uiFrame!hideMainPanel:*->.*,
			@@DistributedTags.CLIENT_OUT_COUPLER+@DistributedTags.RMI+@DistributedTags.CLIENT_OUT_COUPLER+@DistributedTags.RMI!commandRecieved:String->void,
		"/>
	</module>
	<module name="MissingMethodCall">
		<property name="severity" value="info"/>
		<property name="includeTypeTags" value="@@DistributedTags.CLIENT_REMOTE_OBJECT+@DistributedTags.RMI+@DistributedTags.CLIENT_REMOTE_OBJECT+@DistributedTags.RMI"/>
		<property name="expectedCalls" value="
			bus.uigen.uiFrame!setSize:*->.*,
			bus.uigen.OEFrame!setLocation:*->.*,
			util.interactiveMethodInvocation.SimulationParametersControllerFactory!getSingleton:->SimulationParametersController,
			@@DistributedTags.SERVER_REMOTE_INTERFACE+@DistributedTags.RMI+@DistributedTags.SERVER_REMOTE_INTERFACE+@DistributedTags.RMI!addClient:@@DistributedTags.CLIENT_REMOTE_INTERFACE+@DistributedTags.RMI+@DistributedTags.CLIENT_REMOTE_INTERFACE+@DistributedTags.RMI->void,
			util.trace.port.consensus.ProposalMade!newCase:Object;String;float;Object->ProposalMade,
			java.lang.System!currentTimeMillis:->long,
			util.trace.TraceableWarning!doNotWarn:Class->void,
			util.trace.port.consensus.ConsensusTraceUtility!setTracing:->void,
			util.trace.port.PerformanceExperimentEnded!newCase:Object;long;long;long;int->PerformanceExperimentEnded,
			assignments.util.inputParameters.AnAbstractSimulationParametersBean!isAtomicBroadcast:->Boolean,
			util.misc.ThreadSupport!sleep:long->void,
			bus.uigen.uiFrame!setTitle:*->.*,
			bus.uigen.ObjectEditor!edit:Object->CompleteOEFrame,
			assignments.util.mainArgs.ClientArgsProcessor!getHeadless:String[]->String,
			java.io.PrintStream!println:*->.*,
			java.beans.PropertyChangeEvent!getNewValue:->Object,
			bus.uigen.uiFrame!setLocation:*->.*,
			bus.uigen.OEFrame!setTitle:*->.*,
			util.trace.port.consensus.ProposalLearnedNotificationReceived!newCase:Object;String;float;Object->ProposalLearnedNotificationReceived,
			util.trace.Tracer!setKeywordPrintStatus:*->.*,
			util.trace.Tracer!setImplicitPrintKeywordKind:util.trace.ImplicitKeywordKind->void,
			bus.uigen.ADummyCompleteOEFrame!setTitle:*->.*,
			assignments.util.inputParameters.AnAbstractSimulationParametersBean!isTrace:->boolean,
			util.trace.port.consensus.ProposedStateSet!newCase:Object;String;float;Object->ProposedStateSet,
			util.trace.bean.BeanTraceUtility!setTracing:->void,
			util.trace.port.PerformanceExperimentStarted!newCase:Object;long;int->PerformanceExperimentStarted,
			util.trace.Tracer!setDisplayThreadName:boolean->void,
			util.trace.misc.ThreadDelayed!enablePrint:->void,
			bus.uigen.ADummyCompleteOEFrame!setLocation:*->.*,
			bus.uigen.OEFrame!hideMainPanel:*->.*,
			util.trace.Tracer!showInfo:boolean->void,
			java.lang.System!exit:int->void,
			util.interactiveMethodInvocation.SimulationParametersControllerFactory!processCommands:*->.*,
			util.trace.port.nio.NIOTraceUtility!setTracing:->void,
			util.trace.port.rpc.rmi.RMITraceUtility!setTracing:->void,
			util.interactiveMethodInvocation.SimulationParametersControllerFactory!addSimulationParameterListener:*->.*,
			util.trace.port.consensus.RemoteProposeRequestSent!newCase:Object;String;float;Object->RemoteProposeRequestSent,
			assignments.util.inputParameters.AnAbstractSimulationParametersBean!isLocalProcessingOnly:->boolean,
			util.trace.factories.FactoryTraceUtility!setTracing:->void,
			assignments.util.inputParameters.AnAbstractSimulationParametersBean!getDelay:->int,
			java.lang.System!setProperty:String;String->String,
			bus.uigen.ADummyCompleteOEFrame!hideMainPanel:*->.*,
			util.trace.port.PortTraceUtility!setTracing:->void,
			bus.uigen.ADummyCompleteOEFrame!setSize:*->.*,
			bus.uigen.OEFrame!setSize:*->.*,
			util.trace.TraceableInfo!setPrintTraceable:boolean->void,
			util.trace.TraceableInfo!setPrintSource:boolean->void,
			bus.uigen.uiFrame!hideMainPanel:*->.*,
			@@DistributedTags.CLIENT_OUT_COUPLER+@DistributedTags.RMI+@DistributedTags.CLIENT_OUT_COUPLER+@DistributedTags.RMI!commandRecieved:String->void,
		"/>
	</module>
	<module name="MethodAccessesGlobal">
		<property name="severity" value="warning"/>
		<property name="includeTypeTags" value="@@DistributedTags.CLIENT_REMOTE_OBJECT+@DistributedTags.RMI+@DistributedTags.CLIENT_REMOTE_OBJECT+@DistributedTags.RMI"/>
		<property name="expectedReferences" value="
			newCommand:String->void#.*COMMAND.*,
		"/>
	</module>
	<module name="MethodAccessesGlobal">
		<property name="severity" value="warning"/>
		<property name="includeTypeTags" value="@@DistributedTags.CLIENT_REMOTE_OBJECT+@DistributedTags.RMI+@DistributedTags.CLIENT_REMOTE_OBJECT+@DistributedTags.RMI"/>
		<property name="expectedReferences" value="
			init:String[]->void#.*class.*,
			init:String[]->void#.*class.*,
			init:String[]->void#.*class.*,
			init:String[]->void#.*OBJECT_CLASS_NAME.*,
		"/>
	</module>
	<module name="MethodAccessesGlobal">
		<property name="severity" value="warning"/>
		<property name="includeTypeTags" value="@@DistributedTags.CLIENT_REMOTE_OBJECT+@DistributedTags.RMI+@DistributedTags.CLIENT_REMOTE_OBJECT+@DistributedTags.RMI"/>
		<property name="expectedReferences" value="
			init:String[]->void#.*class.*,
		"/>
	</module>
	<module name="MethodAccessesGlobal">
		<property name="severity" value="warning"/>
		<property name="includeTypeTags" value="@@DistributedTags.CLIENT_REMOTE_OBJECT+@DistributedTags.RMI+@DistributedTags.CLIENT_REMOTE_OBJECT+@DistributedTags.RMI"/>
		<property name="expectedReferences" value="
			propertyChange:java.beans.PropertyChangeEvent->void#.*COMMAND.*,
		"/>
	</module>
	<module name="ExpectedInterfaces">
		<property name="severity" value="warning"/>
		<property name="includeTypeTags" value="@@DistributedTags.CLIENT_OUT_COUPLER+@DistributedTags.RMI+@DistributedTags.CLIENT_OUT_COUPLER+@DistributedTags.RMI"/>
		<property name="expectedInterfaces" value="
			java.beans.PropertyChangeListener,
			java.util.EventListener,
			java.io.Serializable,
		"/>
	</module>
	<module name="ExpectedInterfaces">
		<property name="severity" value="info"/>
		<property name="includeTypeTags" value="@@DistributedTags.CLIENT_OUT_COUPLER+@DistributedTags.RMI+@DistributedTags.CLIENT_OUT_COUPLER+@DistributedTags.RMI"/>
		<property name="expectedInterfaces" value="
			java.beans.PropertyChangeListener,
			java.util.EventListener,
			java.io.Serializable,
		"/>
	</module>
	<module name="ExpectedSignatures">
		<property name="severity" value="warning"/>
		<property name="includeTypeTags" value="@@DistributedTags.CLIENT_OUT_COUPLER+@DistributedTags.RMI+@DistributedTags.CLIENT_OUT_COUPLER+@DistributedTags.RMI"/>
		<property name="expectedSignatures" value="
			commandRecieved:String->void,
			propertyChange:java.beans.PropertyChangeEvent->void,
		"/>
	</module>
	<module name="ExpectedSignatures">
		<property name="severity" value="info"/>
		<property name="includeTypeTags" value="@@DistributedTags.CLIENT_OUT_COUPLER+@DistributedTags.RMI+@DistributedTags.CLIENT_OUT_COUPLER+@DistributedTags.RMI"/>
		<property name="expectedSignatures" value="
			commandRecieved:String->void,
			propertyChange:java.beans.PropertyChangeEvent->void,
		"/>
	</module>
	<module name="MissingMethodCall">
		<property name="severity" value="warning"/>
		<property name="includeTypeTags" value="@@DistributedTags.CLIENT_OUT_COUPLER+@DistributedTags.RMI+@DistributedTags.CLIENT_OUT_COUPLER+@DistributedTags.RMI"/>
		<property name="expectedCalls" value="
			@@DistributedTags.SERVER_REMOTE_INTERFACE+@DistributedTags.RMI+@DistributedTags.SERVER_REMOTE_INTERFACE+@DistributedTags.RMI!newCommand:String;@@DistributedTags.CLIENT_REMOTE_INTERFACE+@DistributedTags.RMI+@DistributedTags.CLIENT_REMOTE_INTERFACE+@DistributedTags.RMI->void,
		"/>
	</module>
	<module name="MissingMethodCall">
		<property name="severity" value="info"/>
		<property name="includeTypeTags" value="@@DistributedTags.CLIENT_OUT_COUPLER+@DistributedTags.RMI+@DistributedTags.CLIENT_OUT_COUPLER+@DistributedTags.RMI"/>
		<property name="expectedCalls" value="
			@@DistributedTags.SERVER_REMOTE_INTERFACE+@DistributedTags.RMI+@DistributedTags.SERVER_REMOTE_INTERFACE+@DistributedTags.RMI!newCommand:String;@@DistributedTags.CLIENT_REMOTE_INTERFACE+@DistributedTags.RMI+@DistributedTags.CLIENT_REMOTE_INTERFACE+@DistributedTags.RMI->void,
		"/>
	</module>
	<module name="ExpectedSignatures">
		<property name="severity" value="warning"/>
		<property name="includeTypeTags" value="@@DistributedTags.REGISTRY+@DistributedTags.RMI+@DistributedTags.REGISTRY+@DistributedTags.RMI"/>
		<property name="expectedSignatures" value="
			traceCreated:int->void,
			main:String[]->void,
		"/>
	</module>
	<module name="ExpectedSignatures">
		<property name="severity" value="info"/>
		<property name="includeTypeTags" value="@@DistributedTags.REGISTRY+@DistributedTags.RMI+@DistributedTags.REGISTRY+@DistributedTags.RMI"/>
		<property name="expectedSignatures" value="
			traceCreated:int->void,
			main:String[]->void,
		"/>
	</module>
	<module name="MissingMethodCall">
		<property name="severity" value="warning"/>
		<property name="includeTypeTags" value="@@DistributedTags.REGISTRY+@DistributedTags.RMI+@DistributedTags.REGISTRY+@DistributedTags.RMI"/>
		<property name="expectedCalls" value="
			util.trace.port.PortTraceUtility!setTracing:->void,
			assignments.util.mainArgs.RegistryArgsProcessor!getRegistryPort:String[]->int,
			util.trace.factories.FactoryTraceUtility!setTracing:->void,
			java.rmi.registry.LocateRegistry!createRegistry:int->Registry,
			util.trace.port.rpc.rmi.RMIRegistryCreated!newCase:Object;int->RMIRegistryCreated,
			util.trace.port.nio.NIOTraceUtility!setTracing:->void,
			util.trace.misc.ThreadDelayed!enablePrint:->void,
			util.trace.port.rpc.rmi.RMITraceUtility!setTracing:->void,
			util.trace.port.consensus.ConsensusTraceUtility!setTracing:->void,
		"/>
	</module>
	<module name="MissingMethodCall">
		<property name="severity" value="info"/>
		<property name="includeTypeTags" value="@@DistributedTags.REGISTRY+@DistributedTags.RMI+@DistributedTags.REGISTRY+@DistributedTags.RMI"/>
		<property name="expectedCalls" value="
			util.trace.port.PortTraceUtility!setTracing:->void,
			assignments.util.mainArgs.RegistryArgsProcessor!getRegistryPort:String[]->int,
			util.trace.factories.FactoryTraceUtility!setTracing:->void,
			java.rmi.registry.LocateRegistry!createRegistry:int->Registry,
			util.trace.port.rpc.rmi.RMIRegistryCreated!newCase:Object;int->RMIRegistryCreated,
			util.trace.port.nio.NIOTraceUtility!setTracing:->void,
			util.trace.misc.ThreadDelayed!enablePrint:->void,
			util.trace.port.rpc.rmi.RMITraceUtility!setTracing:->void,
			util.trace.port.consensus.ConsensusTraceUtility!setTracing:->void,
		"/>
	</module>
	<module name="ExpectedSignatures">
		<property name="severity" value="warning"/>
		<property name="includeTypeTags" value="@@DistributedTags.CLIENT+@DistributedTags.RMI+@DistributedTags.CLIENT+@DistributedTags.RMI"/>
		<property name="expectedSignatures" value="
			traceLookUp:@@DistributedTags.SERVER_REMOTE_INTERFACE+@DistributedTags.RMI+@DistributedTags.SERVER_REMOTE_INTERFACE+@DistributedTags.RMI;String;java->void,
			main:String[]->void,
			traceLocated:String;int;java->void,
		"/>
	</module>
	<module name="ExpectedSignatures">
		<property name="severity" value="info"/>
		<property name="includeTypeTags" value="@@DistributedTags.CLIENT+@DistributedTags.RMI+@DistributedTags.CLIENT+@DistributedTags.RMI"/>
		<property name="expectedSignatures" value="
			traceLookUp:@@DistributedTags.SERVER_REMOTE_INTERFACE+@DistributedTags.RMI+@DistributedTags.SERVER_REMOTE_INTERFACE+@DistributedTags.RMI;String;java->void,
			main:String[]->void,
			traceLocated:String;int;java->void,
		"/>
	</module>
	<module name="MissingMethodCall">
		<property name="severity" value="warning"/>
		<property name="includeTypeTags" value="@@DistributedTags.CLIENT+@DistributedTags.RMI+@DistributedTags.CLIENT+@DistributedTags.RMI"/>
		<property name="expectedCalls" value="
			util.trace.port.rpc.rmi.RMIRegistryLocated!newCase:Object;String;int;java.rmi.registry.Registry->RMIRegistryLocated,
			assignments.util.mainArgs.ClientArgsProcessor!getClientName:String[]->String,
			@@DistributedTags.CLIENT_REMOTE_INTERFACE+@DistributedTags.RMI+@DistributedTags.CLIENT_REMOTE_INTERFACE+@DistributedTags.RMI!init:String[]->void,
			util.trace.port.rpc.rmi.RMIObjectLookedUp!newCase:Object;Object;String;java.rmi.registry.Registry->RMIObjectLookedUp,
			java.lang.Thread!getName:->String,
			util.trace.factories.FactoryTraceUtility!setTracing:->void,
			assignments.util.mainArgs.ClientArgsProcessor!getServerPort:String[]->int,
			java.rmi.registry.LocateRegistry!getRegistry:*->.*,
			java.rmi.registry.Registry!lookup:String->Remote,
			util.trace.misc.ThreadDelayed!enablePrint:->void,
			assignments.util.mainArgs.ClientArgsProcessor!getRegistryPort:String[]->int,
			util.trace.port.PortTraceUtility!setTracing:->void,
			assignments.util.mainArgs.ClientArgsProcessor!getRegistryHost:String[]->String,
			@@DistributedTags.CLIENT_REMOTE_INTERFACE+@DistributedTags.RMI+@DistributedTags.CLIENT_REMOTE_INTERFACE+@DistributedTags.RMI!start:->void,
			util.trace.port.nio.NIOTraceUtility!setTracing:->void,
			util.trace.port.rpc.rmi.RMITraceUtility!setTracing:->void,
			util.trace.port.consensus.ConsensusTraceUtility!setTracing:->void,
		"/>
	</module>
	<module name="MissingMethodCall">
		<property name="severity" value="info"/>
		<property name="includeTypeTags" value="@@DistributedTags.CLIENT+@DistributedTags.RMI+@DistributedTags.CLIENT+@DistributedTags.RMI"/>
		<property name="expectedCalls" value="
			util.trace.port.rpc.rmi.RMIRegistryLocated!newCase:Object;String;int;java.rmi.registry.Registry->RMIRegistryLocated,
			assignments.util.mainArgs.ClientArgsProcessor!getClientName:String[]->String,
			@@DistributedTags.CLIENT_REMOTE_INTERFACE+@DistributedTags.RMI+@DistributedTags.CLIENT_REMOTE_INTERFACE+@DistributedTags.RMI!init:String[]->void,
			util.trace.port.rpc.rmi.RMIObjectLookedUp!newCase:Object;Object;String;java.rmi.registry.Registry->RMIObjectLookedUp,
			java.lang.Thread!getName:->String,
			util.trace.factories.FactoryTraceUtility!setTracing:->void,
			assignments.util.mainArgs.ClientArgsProcessor!getServerPort:String[]->int,
			java.rmi.registry.LocateRegistry!getRegistry:*->.*,
			java.rmi.registry.Registry!lookup:String->Remote,
			util.trace.misc.ThreadDelayed!enablePrint:->void,
			assignments.util.mainArgs.ClientArgsProcessor!getRegistryPort:String[]->int,
			util.trace.port.PortTraceUtility!setTracing:->void,
			assignments.util.mainArgs.ClientArgsProcessor!getRegistryHost:String[]->String,
			@@DistributedTags.CLIENT_REMOTE_INTERFACE+@DistributedTags.RMI+@DistributedTags.CLIENT_REMOTE_INTERFACE+@DistributedTags.RMI!start:->void,
			util.trace.port.nio.NIOTraceUtility!setTracing:->void,
			util.trace.port.rpc.rmi.RMITraceUtility!setTracing:->void,
			util.trace.port.consensus.ConsensusTraceUtility!setTracing:->void,
		"/>
	</module>
	<module name="ExpectedInterfaces">
		<property name="severity" value="warning"/>
		<property name="includeTypeTags" value="@@DistributedTags.SERVER_REMOTE_OBJECT+@DistributedTags.RMI+@DistributedTags.SERVER_REMOTE_OBJECT+@DistributedTags.RMI"/>
		<property name="expectedInterfaces" value="
			java.rmi.Remote,
		"/>
	</module>
	<module name="ExpectedInterfaces">
		<property name="severity" value="info"/>
		<property name="includeTypeTags" value="@@DistributedTags.SERVER_REMOTE_OBJECT+@DistributedTags.RMI+@DistributedTags.SERVER_REMOTE_OBJECT+@DistributedTags.RMI"/>
		<property name="expectedInterfaces" value="
			java.rmi.Remote,
		"/>
	</module>
	<module name="ExpectedSuperTypes">
		<property name="severity" value="warning"/>
		<property name="includeTypeTags" value="@@DistributedTags.SERVER_REMOTE_OBJECT+@DistributedTags.RMI+@DistributedTags.SERVER_REMOTE_OBJECT+@DistributedTags.RMI"/>
		<property name="expectedSuperTypes" value="
			assignments.util.inputParameters.AnAbstractSimulationParametersBean,
		"/>
	</module>
	<module name="ExpectedSuperTypes">
		<property name="severity" value="info"/>
		<property name="includeTypeTags" value="@@DistributedTags.SERVER_REMOTE_OBJECT+@DistributedTags.RMI+@DistributedTags.SERVER_REMOTE_OBJECT+@DistributedTags.RMI"/>
		<property name="expectedSuperTypes" value="
			assignments.util.inputParameters.AnAbstractSimulationParametersBean,
		"/>
	</module>
	<module name="ExpectedSignatures">
		<property name="severity" value="warning"/>
		<property name="includeTypeTags" value="@@DistributedTags.SERVER_REMOTE_OBJECT+@DistributedTags.RMI+@DistributedTags.SERVER_REMOTE_OBJECT+@DistributedTags.RMI"/>
		<property name="expectedSignatures" value="
			delaySends:int->void,
			start:->void,
			addClient:@@DistributedTags.CLIENT_REMOTE_INTERFACE+@DistributedTags.RMI+@DistributedTags.CLIENT_REMOTE_INTERFACE+@DistributedTags.RMI->void,
			processArgs:String[]->void,
			notifyListeners:java.beans.PropertyChangeEvent->void,
			newCommand:String;@@DistributedTags.CLIENT_REMOTE_INTERFACE+@DistributedTags.RMI+@DistributedTags.CLIENT_REMOTE_INTERFACE+@DistributedTags.RMI->void,
			addPropertyChangeListener:java.beans.PropertyChangeListener->void,
		"/>
	</module>
	<module name="ExpectedSignatures">
		<property name="severity" value="info"/>
		<property name="includeTypeTags" value="@@DistributedTags.SERVER_REMOTE_OBJECT+@DistributedTags.RMI+@DistributedTags.SERVER_REMOTE_OBJECT+@DistributedTags.RMI"/>
		<property name="expectedSignatures" value="
			delaySends:int->void,
			start:->void,
			addClient:@@DistributedTags.CLIENT_REMOTE_INTERFACE+@DistributedTags.RMI+@DistributedTags.CLIENT_REMOTE_INTERFACE+@DistributedTags.RMI->void,
			processArgs:String[]->void,
			notifyListeners:java.beans.PropertyChangeEvent->void,
			newCommand:String;@@DistributedTags.CLIENT_REMOTE_INTERFACE+@DistributedTags.RMI+@DistributedTags.CLIENT_REMOTE_INTERFACE+@DistributedTags.RMI->void,
			addPropertyChangeListener:java.beans.PropertyChangeListener->void,
		"/>
	</module>
	<module name="MissingMethodCall">
		<property name="severity" value="warning"/>
		<property name="includeTypeTags" value="@@DistributedTags.SERVER_REMOTE_OBJECT+@DistributedTags.RMI+@DistributedTags.SERVER_REMOTE_OBJECT+@DistributedTags.RMI"/>
		<property name="expectedCalls" value="
			util.interactiveMethodInvocation.SimulationParametersControllerFactory!addSimulationParameterListener:*->.*,
			util.misc.ThreadSupport!sleep:long->void,
			util.interactiveMethodInvocation.SimulationParametersControllerFactory!getSingleton:->SimulationParametersController,
			util.trace.port.consensus.ProposalLearnedNotificationSent!newCase:Object;String;float;Object->ProposalLearnedNotificationSent,
			util.trace.port.consensus.RemoteProposeRequestReceived!newCase:Object;String;float;Object->RemoteProposeRequestReceived,
			assignments.util.inputParameters.AnAbstractSimulationParametersBean!getDelay:->int,
			java.lang.System!setProperty:String;String->String,
			assignments.util.mainArgs.ClientArgsProcessor!getHeadless:String[]->String,
			@@DistributedTags.CLIENT_REMOTE_INTERFACE+@DistributedTags.RMI+@DistributedTags.CLIENT_REMOTE_INTERFACE+@DistributedTags.RMI!newCommand:*->.*,
			@@DistributedTags.CLIENT_REMOTE_OBJECT+@DistributedTags.RMI+@DistributedTags.CLIENT_REMOTE_OBJECT+@DistributedTags.RMI!newCommand:*->.*,
			java.util.List!add:Object->boolean,
			java.beans.PropertyChangeEvent!getNewValue:->Object,
			util.interactiveMethodInvocation.SimulationParametersControllerFactory!processCommands:*->.*,
			java.util.List!size:*->.*,
			java.util.List!get:int->Object,
		"/>
	</module>
	<module name="MissingMethodCall">
		<property name="severity" value="info"/>
		<property name="includeTypeTags" value="@@DistributedTags.SERVER_REMOTE_OBJECT+@DistributedTags.RMI+@DistributedTags.SERVER_REMOTE_OBJECT+@DistributedTags.RMI"/>
		<property name="expectedCalls" value="
			util.interactiveMethodInvocation.SimulationParametersControllerFactory!addSimulationParameterListener:*->.*,
			util.misc.ThreadSupport!sleep:long->void,
			util.interactiveMethodInvocation.SimulationParametersControllerFactory!getSingleton:->SimulationParametersController,
			util.trace.port.consensus.ProposalLearnedNotificationSent!newCase:Object;String;float;Object->ProposalLearnedNotificationSent,
			util.trace.port.consensus.RemoteProposeRequestReceived!newCase:Object;String;float;Object->RemoteProposeRequestReceived,
			assignments.util.inputParameters.AnAbstractSimulationParametersBean!getDelay:->int,
			java.lang.System!setProperty:String;String->String,
			assignments.util.mainArgs.ClientArgsProcessor!getHeadless:String[]->String,
			@@DistributedTags.CLIENT_REMOTE_INTERFACE+@DistributedTags.RMI+@DistributedTags.CLIENT_REMOTE_INTERFACE+@DistributedTags.RMI!newCommand:*->.*,
			@@DistributedTags.CLIENT_REMOTE_OBJECT+@DistributedTags.RMI+@DistributedTags.CLIENT_REMOTE_OBJECT+@DistributedTags.RMI!newCommand:*->.*,
			java.util.List!add:Object->boolean,
			java.beans.PropertyChangeEvent!getNewValue:->Object,
			util.interactiveMethodInvocation.SimulationParametersControllerFactory!processCommands:*->.*,
			java.util.List!size:*->.*,
			java.util.List!get:int->Object,
		"/>
	</module>
	<module name="MethodAccessesGlobal">
		<property name="severity" value="warning"/>
		<property name="includeTypeTags" value="@@DistributedTags.SERVER_REMOTE_OBJECT+@DistributedTags.RMI+@DistributedTags.SERVER_REMOTE_OBJECT+@DistributedTags.RMI"/>
		<property name="expectedReferences" value="
			newCommand:String;@@DistributedTags.CLIENT_REMOTE_INTERFACE+@DistributedTags.RMI+@DistributedTags.CLIENT_REMOTE_INTERFACE+@DistributedTags.RMI->void#.*COMMAND.*,
		"/>
	</module>
	<module name="MethodAccessesGlobal">
		<property name="severity" value="warning"/>
		<property name="includeTypeTags" value="@@DistributedTags.SERVER_REMOTE_OBJECT+@DistributedTags.RMI+@DistributedTags.SERVER_REMOTE_OBJECT+@DistributedTags.RMI"/>
		<property name="expectedReferences" value="
			newCommand:String;@@DistributedTags.CLIENT_REMOTE_INTERFACE+@DistributedTags.RMI+@DistributedTags.CLIENT_REMOTE_INTERFACE+@DistributedTags.RMI->void#.*COMMAND.*,
		"/>
	</module>
	<module name="MethodAccessesGlobal">
		<property name="severity" value="warning"/>
		<property name="includeTypeTags" value="@@DistributedTags.SERVER_REMOTE_OBJECT+@DistributedTags.RMI+@DistributedTags.SERVER_REMOTE_OBJECT+@DistributedTags.RMI"/>
		<property name="expectedReferences" value="
			notifyListeners:java.beans.PropertyChangeEvent->void#.*COMMAND.*,
		"/>
	</module>
	<module name="ExpectedSignatures">
		<property name="severity" value="warning"/>
		<property name="includeTypeTags" value="@@DistributedTags.SERVER+@DistributedTags.RMI+@DistributedTags.SERVER+@DistributedTags.RMI"/>
		<property name="expectedSignatures" value="
			traceRegistered:@@DistributedTags.SERVER_REMOTE_INTERFACE+@DistributedTags.RMI+@DistributedTags.SERVER_REMOTE_INTERFACE+@DistributedTags.RMI;java->void,
			main:String[]->void,
			traceLocated:String;int;java->void,
		"/>
	</module>
	<module name="ExpectedSignatures">
		<property name="severity" value="info"/>
		<property name="includeTypeTags" value="@@DistributedTags.SERVER+@DistributedTags.RMI+@DistributedTags.SERVER+@DistributedTags.RMI"/>
		<property name="expectedSignatures" value="
			traceRegistered:@@DistributedTags.SERVER_REMOTE_INTERFACE+@DistributedTags.RMI+@DistributedTags.SERVER_REMOTE_INTERFACE+@DistributedTags.RMI;java->void,
			main:String[]->void,
			traceLocated:String;int;java->void,
		"/>
	</module>
	<module name="MissingMethodCall">
		<property name="severity" value="warning"/>
		<property name="includeTypeTags" value="@@DistributedTags.SERVER+@DistributedTags.RMI+@DistributedTags.SERVER+@DistributedTags.RMI"/>
		<property name="expectedCalls" value="
			assignments.util.mainArgs.ServerArgsProcessor!getServerPort:String[]->int,
			assignments.util.mainArgs.ServerArgsProcessor!getRegistryPort:String[]->int,
			util.trace.port.rpc.rmi.RMIRegistryLocated!newCase:Object;String;int;java.rmi.registry.Registry->RMIRegistryLocated,
			java.lang.Thread!getName:->String,
			assignments.util.mainArgs.ServerArgsProcessor!getRegistryHost:String[]->String,
			util.trace.factories.FactoryTraceUtility!setTracing:->void,
			util.trace.port.rpc.rmi.RMIObjectRegistered!newCase:Object;String;Object;java.rmi.registry.Registry->RMIObjectRegistered,
			java.rmi.registry.Registry!rebind:String;java.rmi.Remote->void,
			java.rmi.registry.LocateRegistry!getRegistry:*->.*,
			util.trace.misc.ThreadDelayed!enablePrint:->void,
			util.trace.port.PortTraceUtility!setTracing:->void,
			@@DistributedTags.SERVER_REMOTE_INTERFACE+@DistributedTags.RMI+@DistributedTags.SERVER_REMOTE_INTERFACE+@DistributedTags.RMI!start:->void,
			java.rmi.server.UnicastRemoteObject!exportObject:*->.*,
			util.trace.port.nio.NIOTraceUtility!setTracing:->void,
			util.trace.port.rpc.rmi.RMITraceUtility!setTracing:->void,
			util.trace.port.consensus.ConsensusTraceUtility!setTracing:->void,
		"/>
	</module>
	<module name="MissingMethodCall">
		<property name="severity" value="info"/>
		<property name="includeTypeTags" value="@@DistributedTags.SERVER+@DistributedTags.RMI+@DistributedTags.SERVER+@DistributedTags.RMI"/>
		<property name="expectedCalls" value="
			assignments.util.mainArgs.ServerArgsProcessor!getServerPort:String[]->int,
			assignments.util.mainArgs.ServerArgsProcessor!getRegistryPort:String[]->int,
			util.trace.port.rpc.rmi.RMIRegistryLocated!newCase:Object;String;int;java.rmi.registry.Registry->RMIRegistryLocated,
			java.lang.Thread!getName:->String,
			assignments.util.mainArgs.ServerArgsProcessor!getRegistryHost:String[]->String,
			util.trace.factories.FactoryTraceUtility!setTracing:->void,
			util.trace.port.rpc.rmi.RMIObjectRegistered!newCase:Object;String;Object;java.rmi.registry.Registry->RMIObjectRegistered,
			java.rmi.registry.Registry!rebind:String;java.rmi.Remote->void,
			java.rmi.registry.LocateRegistry!getRegistry:*->.*,
			util.trace.misc.ThreadDelayed!enablePrint:->void,
			util.trace.port.PortTraceUtility!setTracing:->void,
			@@DistributedTags.SERVER_REMOTE_INTERFACE+@DistributedTags.RMI+@DistributedTags.SERVER_REMOTE_INTERFACE+@DistributedTags.RMI!start:->void,
			java.rmi.server.UnicastRemoteObject!exportObject:*->.*,
			util.trace.port.nio.NIOTraceUtility!setTracing:->void,
			util.trace.port.rpc.rmi.RMITraceUtility!setTracing:->void,
			util.trace.port.consensus.ConsensusTraceUtility!setTracing:->void,
		"/>
	</module>
